version,rank,eigenvalue,n_samples
v13,1,0.18875675,65536
v13,2,0.06509674,65536
v13,3,0.022668576,65536
v13,4,0.011670722,65536
v13,5,0.010601716,65536
v13,6,0.007767845,65536
v13,7,0.005796071,65536
v13,8,0.00536335,65536
v13,9,0.0040258593,65536
v13,10,0.0038797553,65536
v13,11,0.0026622936,65536
v13,12,0.002379233,65536
v13,13,0.002236667,65536
v13,14,0.001964117,65536
v13,15,0.0019264269,65536
v13,16,0.0018466455,65536
v13,17,0.0017001088,65536
v13,18,0.0016346672,65536
v13,19,0.0014014784,65536
v13,20,0.0013659213,65536
v13,21,0.0013356383,65536
v13,22,0.0012580873,65536
v13,23,0.0011726955,65536
v13,24,0.0011342551,65536
v13,25,0.001087059,65536
v13,26,0.0009991139,65536
v13,27,0.0009652807,65536
v13,28,0.0008837591,65536
v13,29,0.00084244943,65536
v13,30,0.0008235007,65536
v13,31,0.0007726886,65536
v13,32,0.00075004593,65536
v13,33,0.0007327112,65536
v13,34,0.00069875206,65536
v13,35,0.0006879112,65536
v13,36,0.00067147816,65536
v13,37,0.00065902906,65536
v13,38,0.0006446062,65536
v13,39,0.0006198408,65536
v13,40,0.0005768931,65536
v13,41,0.00055857055,65536
v13,42,0.00053241284,65536
v13,43,0.00051266,65536
v13,44,0.0004901632,65536
v13,45,0.00048509738,65536
v13,46,0.000461682,65536
v13,47,0.00045940388,65536
v13,48,0.0004507951,65536
v13,49,0.00043673062,65536
v13,50,0.00042330113,65536
v13,51,0.00040525806,65536
v13,52,0.00039493796,65536
v13,53,0.0003930704,65536
v13,54,0.00037411627,65536
v13,55,0.00037043213,65536
v13,56,0.0003611884,65536
v13,57,0.00035310895,65536
v13,58,0.00034921814,65536
v13,59,0.00034178735,65536
v13,60,0.00032929744,65536
v13,61,0.0003240738,65536
v13,62,0.0003221122,65536
v13,63,0.000307472,65536
v13,64,0.00029489366,65536
v13,65,0.00029176698,65536
v13,66,0.0002843764,65536
v13,67,0.00027908583,65536
v13,68,0.00027481353,65536
v13,69,0.00026349796,65536
v13,70,0.00026028778,65536
v13,71,0.0002472527,65536
v13,72,0.00024332828,65536
v13,73,0.00024088792,65536
v13,74,0.00023380818,65536
v13,75,0.0002269336,65536
v13,76,0.00022418897,65536
v13,77,0.00022312862,65536
v13,78,0.0002190369,65536
v13,79,0.00021605665,65536
v13,80,0.00021281162,65536
v13,81,0.00020590608,65536
v13,82,0.00020151619,65536
v13,83,0.00020064617,65536
v13,84,0.00019889724,65536
v13,85,0.00019350147,65536
v13,86,0.00018647758,65536
v13,87,0.00018266359,65536
v13,88,0.0001815723,65536
v13,89,0.00017664526,65536
v13,90,0.00017448793,65536
v13,91,0.00017294522,65536
v13,92,0.00017147354,65536
v13,93,0.00016432694,65536
v13,94,0.00016407591,65536
v13,95,0.00015952221,65536
v13,96,0.00015810921,65536
v13,97,0.00015631456,65536
v13,98,0.00015453034,65536
v13,99,0.0001483309,65536
v13,100,0.00014488863,65536
v13,101,0.00014160993,65536
v13,102,0.00014006153,65536
v13,103,0.00013789226,65536
v13,104,0.00013596509,65536
v13,105,0.00013361654,65536
v13,106,0.00012919646,65536
v13,107,0.00012806662,65536
v13,108,0.00012448383,65536
v13,109,0.000123198,65536
v13,110,0.00012183992,65536
v13,111,0.00012096296,65536
v13,112,0.000117737174,65536
v13,113,0.00011703352,65536
v13,114,0.000115002265,65536
v13,115,0.00011286957,65536
v13,116,0.000111387475,65536
v13,117,0.00010978288,65536
v13,118,0.000108831555,65536
v13,119,0.00010499794,65536
v13,120,0.00010376718,65536
v13,121,0.00010051247,65536
v13,122,9.9123754e-05,65536
v13,123,9.887735e-05,65536
v13,124,9.596611e-05,65536
v13,125,9.546586e-05,65536
v13,126,9.5104566e-05,65536
v13,127,9.255403e-05,65536
v13,128,9.132811e-05,65536
v13,129,8.998561e-05,65536
v13,130,8.6799875e-05,65536
v13,131,8.607898e-05,65536
v13,132,8.484435e-05,65536
v13,133,8.370831e-05,65536
v13,134,8.343292e-05,65536
v13,135,8.03999e-05,65536
v13,136,7.9520316e-05,65536
v13,137,7.846193e-05,65536
v13,138,7.798788e-05,65536
v13,139,7.702403e-05,65536
v13,140,7.6815e-05,65536
v13,141,7.490129e-05,65536
v13,142,7.3782634e-05,65536
v13,143,7.200261e-05,65536
v13,144,7.069399e-05,65536
v13,145,6.900068e-05,65536
v13,146,6.863317e-05,65536
v13,147,6.7713234e-05,65536
v13,148,6.717239e-05,65536
v13,149,6.6227374e-05,65536
v13,150,6.291126e-05,65536
v13,151,6.258684e-05,65536
v13,152,6.234347e-05,65536
v13,153,6.1407554e-05,65536
v13,154,6.106164e-05,65536
v13,155,5.9603717e-05,65536
v13,156,5.90749e-05,65536
v13,157,5.829034e-05,65536
v13,158,5.7195582e-05,65536
v13,159,5.636232e-05,65536
v13,160,5.5228385e-05,65536
v13,161,5.42824e-05,65536
v13,162,5.337834e-05,65536
v13,163,5.281834e-05,65536
v13,164,5.2142594e-05,65536
v13,165,5.1371597e-05,65536
v13,166,5.0645547e-05,65536
v13,167,5.004827e-05,65536
v13,168,4.9418282e-05,65536
v13,169,4.8749946e-05,65536
v13,170,4.687804e-05,65536
v13,171,4.558906e-05,65536
v13,172,4.4362623e-05,65536
v13,173,4.3906726e-05,65536
v13,174,4.361899e-05,65536
v13,175,4.2745003e-05,65536
v13,176,4.214679e-05,65536
v13,177,4.1233587e-05,65536
v13,178,4.0955318e-05,65536
v13,179,3.9836275e-05,65536
v13,180,3.9608298e-05,65536
v13,181,3.8621936e-05,65536
v13,182,3.752201e-05,65536
v13,183,3.7308684e-05,65536
v13,184,3.668329e-05,65536
v13,185,3.593203e-05,65536
v13,186,3.583961e-05,65536
v13,187,3.5402154e-05,65536
v13,188,3.437296e-05,65536
v13,189,3.3596156e-05,65536
v13,190,3.3357534e-05,65536
v13,191,3.273838e-05,65536
v13,192,3.2040498e-05,65536
v13,193,3.1379393e-05,65536
v13,194,3.1359257e-05,65536
v13,195,3.0813575e-05,65536
v13,196,3.0277462e-05,65536
v13,197,2.9935758e-05,65536
v13,198,2.9686114e-05,65536
v13,199,2.8682638e-05,65536
v13,200,2.8347531e-05,65536
v13,201,2.7918535e-05,65536
v13,202,2.7568622e-05,65536
v13,203,2.733573e-05,65536
v13,204,2.630156e-05,65536
v13,205,2.552471e-05,65536
v13,206,2.5434105e-05,65536
v13,207,2.5038496e-05,65536
v13,208,2.4811652e-05,65536
v13,209,2.4066281e-05,65536
v13,210,2.3553528e-05,65536
v13,211,2.3289893e-05,65536
v13,212,2.3153732e-05,65536
v13,213,2.2367438e-05,65536
v13,214,2.2045544e-05,65536
v13,215,2.1594828e-05,65536
v13,216,2.1383918e-05,65536
v13,217,2.075036e-05,65536
v13,218,2.0270916e-05,65536
v13,219,1.9846208e-05,65536
v13,220,1.964463e-05,65536
v13,221,1.9403897e-05,65536
v13,222,1.904078e-05,65536
v13,223,1.8963137e-05,65536
v13,224,1.8211085e-05,65536
v13,225,1.7658062e-05,65536
v13,226,1.7470784e-05,65536
v13,227,1.7314023e-05,65536
v13,228,1.6742626e-05,65536
v13,229,1.6665597e-05,65536
v13,230,1.616226e-05,65536
v13,231,1.5941143e-05,65536
v13,232,1.5568932e-05,65536
v13,233,1.5480939e-05,65536
v13,234,1.52571465e-05,65536
v13,235,1.49024845e-05,65536
v13,236,1.4850971e-05,65536
v13,237,1.4382469e-05,65536
v13,238,1.4251374e-05,65536
v13,239,1.3778284e-05,65536
v13,240,1.3683986e-05,65536
v13,241,1.3645297e-05,65536
v13,242,1.32023515e-05,65536
v13,243,1.2819255e-05,65536
v13,244,1.2323928e-05,65536
v13,245,1.2253401e-05,65536
v13,246,1.2169393e-05,65536
v13,247,1.1824849e-05,65536
v13,248,1.1519116e-05,65536
v13,249,1.1453455e-05,65536
v13,250,1.1237402e-05,65536
v13,251,1.1110278e-05,65536
v13,252,1.0697881e-05,65536
v13,253,1.0520522e-05,65536
v13,254,1.0438292e-05,65536
v13,255,1.0293483e-05,65536
v13,256,1.0101476e-05,65536
v13,257,9.972286e-06,65536
v13,258,9.868597e-06,65536
v13,259,9.562005e-06,65536
v13,260,9.334816e-06,65536
v13,261,9.233557e-06,65536
v13,262,8.897427e-06,65536
v13,263,8.767616e-06,65536
v13,264,8.516242e-06,65536
v13,265,8.296955e-06,65536
v13,266,8.153426e-06,65536
v13,267,8.007026e-06,65536
v13,268,7.83405e-06,65536
v13,269,7.531736e-06,65536
v13,270,7.4639074e-06,65536
v13,271,7.4270656e-06,65536
v13,272,7.307869e-06,65536
v13,273,7.11212e-06,65536
v13,274,6.809959e-06,65536
v13,275,6.6727853e-06,65536
v13,276,6.6501034e-06,65536
v13,277,6.4842775e-06,65536
v13,278,6.4569017e-06,65536
v13,279,6.2815893e-06,65536
v13,280,6.2339236e-06,65536
v13,281,6.074799e-06,65536
v13,282,5.957233e-06,65536
v13,283,5.910499e-06,65536
v13,284,5.7430475e-06,65536
v13,285,5.5831965e-06,65536
v13,286,5.4959364e-06,65536
v13,287,5.3816643e-06,65536
v13,288,5.290365e-06,65536
v13,289,5.235972e-06,65536
v13,290,5.182079e-06,65536
v13,291,5.114719e-06,65536
v13,292,4.9746113e-06,65536
v13,293,4.8844795e-06,65536
v13,294,4.7986473e-06,65536
v13,295,4.647474e-06,65536
v13,296,4.5606866e-06,65536
v13,297,4.440913e-06,65536
v13,298,4.346352e-06,65536
v13,299,4.2673923e-06,65536
v13,300,4.2503666e-06,65536
v13,301,4.2155702e-06,65536
v13,302,4.1378753e-06,65536
v13,303,4.0452455e-06,65536
v13,304,4.00925e-06,65536
v13,305,3.9463757e-06,65536
v13,306,3.8799085e-06,65536
v13,307,3.7971392e-06,65536
v13,308,3.7303935e-06,65536
v13,309,3.6725742e-06,65536
v13,310,3.5369765e-06,65536
v13,311,3.5242895e-06,65536
v13,312,3.4075947e-06,65536
v13,313,3.33885e-06,65536
v13,314,3.286456e-06,65536
v13,315,3.2472367e-06,65536
v13,316,3.2334226e-06,65536
v13,317,3.135779e-06,65536
v13,318,3.071636e-06,65536
v13,319,3.0041037e-06,65536
v13,320,2.9717182e-06,65536
v13,321,2.88243e-06,65536
v13,322,2.8041413e-06,65536
v13,323,2.7759606e-06,65536
v13,324,2.7261847e-06,65536
v13,325,2.7000801e-06,65536
v13,326,2.5785448e-06,65536
v13,327,2.4800258e-06,65536
v13,328,2.4680144e-06,65536
v13,329,2.3996663e-06,65536
v13,330,2.3575567e-06,65536
v13,331,2.2857525e-06,65536
v13,332,2.2032502e-06,65536
v13,333,2.1633525e-06,65536
v13,334,2.1609744e-06,65536
v13,335,2.1090436e-06,65536
v13,336,2.0642676e-06,65536
v13,337,2.0439388e-06,65536
v13,338,2.0295254e-06,65536
v13,339,1.9243457e-06,65536
v13,340,1.9139582e-06,65536
v13,341,1.8803141e-06,65536
v13,342,1.8534259e-06,65536
v13,343,1.8046778e-06,65536
v13,344,1.7594165e-06,65536
v13,345,1.7177581e-06,65536
v13,346,1.6508575e-06,65536
v13,347,1.6242057e-06,65536
v13,348,1.6044754e-06,65536
v13,349,1.5803843e-06,65536
v13,350,1.550601e-06,65536
v13,351,1.4962046e-06,65536
v13,352,1.475545e-06,65536
v13,353,1.4667085e-06,65536
v13,354,1.4459288e-06,65536
v13,355,1.4068077e-06,65536
v13,356,1.3912714e-06,65536
v13,357,1.3625939e-06,65536
v13,358,1.3323615e-06,65536
v13,359,1.3114641e-06,65536
v13,360,1.2972455e-06,65536
v13,361,1.2637964e-06,65536
v13,362,1.2426791e-06,65536
v13,363,1.2268807e-06,65536
v13,364,1.2165547e-06,65536
v13,365,1.1724388e-06,65536
v13,366,1.1497649e-06,65536
v13,367,1.1203568e-06,65536
v13,368,1.0988233e-06,65536
v13,369,1.0783073e-06,65536
v13,370,1.0579039e-06,65536
v13,371,1.0318165e-06,65536
v13,372,1.0134572e-06,65536
v13,373,9.788171e-07,65536
v13,374,9.665741e-07,65536
v13,375,9.605023e-07,65536
v13,376,9.367774e-07,65536
v13,377,9.305003e-07,65536
v13,378,9.253751e-07,65536
v13,379,9.0043505e-07,65536
v13,380,8.8656316e-07,65536
v13,381,8.712152e-07,65536
v13,382,8.5234046e-07,65536
v13,383,8.503977e-07,65536
v13,384,8.365305e-07,65536
v13,385,8.080468e-07,65536
v13,386,8.0338924e-07,65536
v13,387,7.9541053e-07,65536
v13,388,7.5897356e-07,65536
v13,389,7.4519727e-07,65536
v13,390,7.259165e-07,65536
v13,391,7.154364e-07,65536
v13,392,7.0913694e-07,65536
v13,393,7.0028017e-07,65536
v13,394,6.807208e-07,65536
v13,395,6.7787204e-07,65536
v13,396,6.5854806e-07,65536
v13,397,6.4896153e-07,65536
v13,398,6.370593e-07,65536
v13,399,6.274494e-07,65536
v13,400,6.153287e-07,65536
v13,401,6.124944e-07,65536
v13,402,6.033067e-07,65536
v13,403,5.929482e-07,65536
v13,404,5.893873e-07,65536
v13,405,5.7391844e-07,65536
v13,406,5.662303e-07,65536
v13,407,5.5836324e-07,65536
v13,408,5.3916483e-07,65536
v13,409,5.3612706e-07,65536
v13,410,5.310422e-07,65536
v13,411,5.2251994e-07,65536
v13,412,5.178817e-07,65536
v13,413,5.0855414e-07,65536
v13,414,5.0202743e-07,65536
v13,415,4.9917753e-07,65536
v13,416,4.9366844e-07,65536
v13,417,4.863293e-07,65536
v13,418,4.8010173e-07,65536
v13,419,4.7377517e-07,65536
v13,420,4.6518082e-07,65536
v13,421,4.5918765e-07,65536
v13,422,4.5067924e-07,65536
v13,423,4.4440193e-07,65536
v13,424,4.383083e-07,65536
v13,425,4.2542428e-07,65536
v13,426,4.2072264e-07,65536
v13,427,4.1803173e-07,65536
v13,428,4.1291855e-07,65536
v13,429,4.0600239e-07,65536
v13,430,3.9856258e-07,65536
v13,431,3.9511065e-07,65536
v13,432,3.8861256e-07,65536
v13,433,3.8456366e-07,65536
v13,434,3.746737e-07,65536
v13,435,3.7181485e-07,65536
v13,436,3.672927e-07,65536
v13,437,3.6489772e-07,65536
v13,438,3.5875365e-07,65536
v13,439,3.5435755e-07,65536
v13,440,3.4907413e-07,65536
v13,441,3.4319916e-07,65536
v13,442,3.403739e-07,65536
v13,443,3.381372e-07,65536
v13,444,3.356957e-07,65536
v13,445,3.2888317e-07,65536
v13,446,3.2789623e-07,65536
v13,447,3.2193105e-07,65536
v13,448,3.167659e-07,65536
v13,449,3.141378e-07,65536
v13,450,3.047318e-07,65536
v13,451,3.0280987e-07,65536
v13,452,2.9565922e-07,65536
v13,453,2.9025327e-07,65536
v13,454,2.8833534e-07,65536
v13,455,2.876388e-07,65536
v13,456,2.7964387e-07,65536
v13,457,2.7419208e-07,65536
v13,458,2.7043396e-07,65536
v13,459,2.6796693e-07,65536
v13,460,2.6219175e-07,65536
v13,461,2.5926005e-07,65536
v13,462,2.5643976e-07,65536
v13,463,2.524591e-07,65536
v13,464,2.4972346e-07,65536
v13,465,2.461264e-07,65536
v13,466,2.4221535e-07,65536
v13,467,2.4073145e-07,65536
v13,468,2.389878e-07,65536
v13,469,2.3690723e-07,65536
v13,470,2.3231057e-07,65536
v13,471,2.290224e-07,65536
v13,472,2.2607612e-07,65536
v13,473,2.2327187e-07,65536
v13,474,2.2063053e-07,65536
v13,475,2.1846513e-07,65536
v13,476,2.154282e-07,65536
v13,477,2.1076306e-07,65536
v13,478,2.0746609e-07,65536
v13,479,2.0393082e-07,65536
v13,480,2.0190173e-07,65536
v13,481,2.0020546e-07,65536
v13,482,1.9667186e-07,65536
v13,483,1.9456459e-07,65536
v13,484,1.9084044e-07,65536
v13,485,1.8838759e-07,65536
v13,486,1.8759445e-07,65536
v13,487,1.8628931e-07,65536
v13,488,1.8354595e-07,65536
v13,489,1.8068957e-07,65536
v13,490,1.7888276e-07,65536
v13,491,1.7861967e-07,65536
v13,492,1.7681852e-07,65536
v13,493,1.7231682e-07,65536
v13,494,1.7055685e-07,65536
v13,495,1.6945543e-07,65536
v13,496,1.6694368e-07,65536
v13,497,1.6441521e-07,65536
v13,498,1.617067e-07,65536
v13,499,1.5909148e-07,65536
v13,500,1.5616487e-07,65536
v13,501,1.5539055e-07,65536
v13,502,1.5302228e-07,65536
v13,503,1.5118779e-07,65536
v13,504,1.486532e-07,65536
v13,505,1.4781965e-07,65536
v13,506,1.4345314e-07,65536
v13,507,1.4038572e-07,65536
v13,508,1.3957268e-07,65536
v13,509,1.3704937e-07,65536
v13,510,1.360068e-07,65536
v13,511,1.3424383e-07,65536
v13,512,1.3355142e-07,65536
v13,513,1.3216906e-07,65536
v13,514,1.2929354e-07,65536
v13,515,1.2699093e-07,65536
v13,516,1.2531864e-07,65536
v13,517,1.2459314e-07,65536
v13,518,1.221849e-07,65536
v13,519,1.2122727e-07,65536
v13,520,1.1961802e-07,65536
v13,521,1.18094924e-07,65536
v13,522,1.1745838e-07,65536
v13,523,1.1326763e-07,65536
v13,524,1.1285853e-07,65536
v13,525,1.1005759e-07,65536
v13,526,1.0888014e-07,65536
v13,527,1.0808854e-07,65536
v13,528,1.0749464e-07,65536
v13,529,1.05970116e-07,65536
v13,530,1.0388432e-07,65536
v13,531,1.0127575e-07,65536
v13,532,1.00490126e-07,65536
v13,533,9.952547e-08,65536
v13,534,9.8748444e-08,65536
v13,535,9.7396914e-08,65536
v13,536,9.7071144e-08,65536
v13,537,9.6374805e-08,65536
v13,538,9.5186266e-08,65536
v13,539,9.3118246e-08,65536
v13,540,9.218242e-08,65536
v13,541,9.074263e-08,65536
v13,542,8.9774844e-08,65536
v13,543,8.831196e-08,65536
v13,544,8.6117524e-08,65536
v13,545,8.511095e-08,65536
v13,546,8.458156e-08,65536
v13,547,8.417772e-08,65536
v13,548,8.1959804e-08,65536
v13,549,8.0123534e-08,65536
v13,550,7.9352105e-08,65536
v13,551,7.867068e-08,65536
v13,552,7.825211e-08,65536
v13,553,7.671564e-08,65536
v13,554,7.601771e-08,65536
v13,555,7.428068e-08,65536
v13,556,7.351707e-08,65536
v13,557,7.2783955e-08,65536
v13,558,7.2580626e-08,65536
v13,559,7.0826815e-08,65536
v13,560,7.0145674e-08,65536
v13,561,6.922916e-08,65536
v13,562,6.8481654e-08,65536
v13,563,6.727297e-08,65536
v13,564,6.625254e-08,65536
v13,565,6.4725334e-08,65536
v13,566,6.3547375e-08,65536
v13,567,6.285007e-08,65536
v13,568,6.199401e-08,65536
v13,569,6.164325e-08,65536
v13,570,6.111022e-08,65536
v13,571,5.9943275e-08,65536
v13,572,5.8367945e-08,65536
v13,573,5.7639042e-08,65536
v13,574,5.6766602e-08,65536
v13,575,5.6278406e-08,65536
v13,576,5.564178e-08,65536
v13,577,5.442237e-08,65536
v13,578,5.340837e-08,65536
v13,579,5.2652126e-08,65536
v13,580,5.2025378e-08,65536
v13,581,5.0787285e-08,65536
v13,582,4.997832e-08,65536
v13,583,4.9784084e-08,65536
v13,584,4.9455572e-08,65536
v13,585,4.8848516e-08,65536
v13,586,4.7864052e-08,65536
v13,587,4.7604104e-08,65536
v13,588,4.6320036e-08,65536
v13,589,4.5632607e-08,65536
v13,590,4.52071e-08,65536
v13,591,4.4122032e-08,65536
v13,592,4.385403e-08,65536
v13,593,4.3701988e-08,65536
v13,594,4.2875048e-08,65536
v13,595,4.28125e-08,65536
v13,596,4.1965766e-08,65536
v13,597,4.1686658e-08,65536
v13,598,4.0545196e-08,65536
v13,599,4.0012686e-08,65536
v13,600,3.982015e-08,65536
v13,601,3.935838e-08,65536
v13,602,3.883099e-08,65536
v13,603,3.8706972e-08,65536
v13,604,3.8116795e-08,65536
v13,605,3.7398898e-08,65536
v13,606,3.6750738e-08,65536
v13,607,3.653843e-08,65536
v13,608,3.5799467e-08,65536
v13,609,3.5023874e-08,65536
v13,610,3.4472972e-08,65536
v13,611,3.4275633e-08,65536
v13,612,3.3704428e-08,65536
v13,613,3.348132e-08,65536
v13,614,3.2951956e-08,65536
v13,615,3.2190396e-08,65536
v13,616,3.2183973e-08,65536
v13,617,3.1443726e-08,65536
v13,618,3.0782747e-08,65536
v13,619,3.0127307e-08,65536
v13,620,2.9677048e-08,65536
v13,621,2.9209003e-08,65536
v13,622,2.9125971e-08,65536
v13,623,2.8615643e-08,65536
v13,624,2.810954e-08,65536
v13,625,2.7787298e-08,65536
v13,626,2.7652197e-08,65536
v13,627,2.7387049e-08,65536
v13,628,2.6750175e-08,65536
v13,629,2.618705e-08,65536
v13,630,2.560779e-08,65536
v13,631,2.5464743e-08,65536
v13,632,2.5091524e-08,65536
v13,633,2.4768214e-08,65536
v13,634,2.4655135e-08,65536
v13,635,2.4057895e-08,65536
v13,636,2.3949148e-08,65536
v13,637,2.3416737e-08,65536
v13,638,2.2916252e-08,65536
v13,639,2.2888592e-08,65536
v13,640,2.248162e-08,65536
v13,641,2.2081043e-08,65536
v13,642,2.172101e-08,65536
v13,643,2.112249e-08,65536
v13,644,2.071443e-08,65536
v13,645,2.0543286e-08,65536
v13,646,2.0135786e-08,65536
v13,647,1.9445045e-08,65536
v13,648,1.910156e-08,65536
v13,649,1.8985212e-08,65536
v13,650,1.8340266e-08,65536
v13,651,1.8085055e-08,65536
v13,652,1.7933397e-08,65536
v13,653,1.7389391e-08,65536
v13,654,1.7243291e-08,65536
v13,655,1.6911061e-08,65536
v13,656,1.6441774e-08,65536
v13,657,1.5779113e-08,65536
v13,658,1.5709636e-08,65536
v13,659,1.540255e-08,65536
v13,660,1.4874335e-08,65536
v13,661,1.4470823e-08,65536
v13,662,1.4014685e-08,65536
v13,663,1.3601205e-08,65536
v13,664,1.3447567e-08,65536
v13,665,1.3318925e-08,65536
v13,666,1.3034004e-08,65536
v13,667,1.2446983e-08,65536
v13,668,1.2039497e-08,65536
v13,669,1.1932295e-08,65536
v13,670,1.1652142e-08,65536
v13,671,1.1330677e-08,65536
v13,672,1.1166676e-08,65536
v13,673,1.0922218e-08,65536
v13,674,1.067085e-08,65536
v13,675,1.0315925e-08,65536
v13,676,9.740548e-09,65536
v13,677,9.607624e-09,65536
v13,678,9.372526e-09,65536
v13,679,8.961444e-09,65536
v13,680,8.870422e-09,65536
v13,681,8.3629015e-09,65536
v13,682,8.235219e-09,65536
v13,683,8.036975e-09,65536
v13,684,7.873517e-09,65536
v13,685,7.641079e-09,65536
v13,686,7.555689e-09,65536
v13,687,7.353806e-09,65536
v13,688,7.316324e-09,65536
v13,689,7.177286e-09,65536
v13,690,6.8476087e-09,65536
v13,691,6.7034662e-09,65536
v13,692,6.4369217e-09,65536
v13,693,6.410869e-09,65536
v13,694,6.2909518e-09,65536
v13,695,5.880179e-09,65536
v13,696,5.750492e-09,65536
v13,697,5.6200475e-09,65536
v13,698,5.5677396e-09,65536
v13,699,5.4733493e-09,65536
v13,700,5.2698708e-09,65536
v13,701,5.0212026e-09,65536
v13,702,4.9252384e-09,65536
v13,703,4.8246744e-09,65536
v13,704,4.756766e-09,65536
v13,705,4.536258e-09,65536
v13,706,4.4323047e-09,65536
v13,707,4.351554e-09,65536
v13,708,4.218513e-09,65536
v13,709,4.1013877e-09,65536
v13,710,3.7209507e-09,65536
v13,711,3.6858014e-09,65536
v13,712,3.5925214e-09,65536
v13,713,3.53082e-09,65536
v13,714,3.4006042e-09,65536
v13,715,3.3524865e-09,65536
v13,716,3.2297576e-09,65536
v13,717,3.0566911e-09,65536
v13,718,2.920944e-09,65536
v13,719,2.8661211e-09,65536
v13,720,2.809479e-09,65536
v13,721,2.612349e-09,65536
v13,722,2.4002642e-09,65536
v13,723,2.2942612e-09,65536
v13,724,2.2415731e-09,65536
v13,725,2.0705557e-09,65536
v13,726,1.9992519e-09,65536
v13,727,1.9573547e-09,65536
v13,728,1.8512799e-09,65536
v13,729,1.8115625e-09,65536
v13,730,1.7914652e-09,65536
v13,731,1.7353434e-09,65536
v13,732,1.6889075e-09,65536
v13,733,1.5930687e-09,65536
v13,734,1.475132e-09,65536
v13,735,1.4434383e-09,65536
v13,736,1.4131761e-09,65536
v13,737,1.3414883e-09,65536
v13,738,1.2837734e-09,65536
v13,739,1.2253162e-09,65536
v13,740,1.1804581e-09,65536
v13,741,1.1317558e-09,65536
v13,742,9.885323e-10,65536
v13,743,9.676013e-10,65536
v13,744,8.726817e-10,65536
v13,745,8.4911805e-10,65536
v13,746,8.245151e-10,65536
v13,747,7.381971e-10,65536
v13,748,6.9389905e-10,65536
v13,749,6.768875e-10,65536
v13,750,4.9162185e-10,65536
v13,751,3.3997605e-10,65536
v13,752,2.7529415e-10,65536
v13,753,2.501703e-10,65536
v13,754,2.1440505e-10,65536
v13,755,1.871878e-10,65536
v13,756,1.6719547e-10,65536
v13,757,1.5288919e-10,65536
v13,758,1.4507236e-10,65536
v13,759,1.2197243e-10,65536
v13,760,1.1121202e-10,65536
v13,761,8.907508e-11,65536
v13,762,8.057114e-11,65536
v13,763,7.109695e-11,65536
v13,764,6.008332e-11,65536
v13,765,2.0701132e-11,65536
v13,766,2.8607537e-12,65536
v13,767,7.638544e-13,65536
v13,768,7.850226e-14,65536
v40,1,0.5449407,262144
v40,2,0.05081695,262144
v40,3,0.046760555,262144
v40,4,0.036075205,262144
v40,5,0.02856448,262144
v40,6,0.022393636,262144
v40,7,0.018058209,262144
v40,8,0.0142069515,262144
v40,9,0.0131293,262144
v40,10,0.009719824,262144
v40,11,0.009448296,262144
v40,12,0.008546072,262144
v40,13,0.007682129,262144
v40,14,0.0073460643,262144
v40,15,0.0059949607,262144
v40,16,0.00584122,262144
v40,17,0.0051631266,262144
v40,18,0.0047051134,262144
v40,19,0.0043940577,262144
v40,20,0.004288923,262144
v40,21,0.0039409166,262144
v40,22,0.0036579217,262144
v40,23,0.0034228445,262144
v40,24,0.003317717,262144
v40,25,0.0032914567,262144
v40,26,0.0030832177,262144
v40,27,0.002951619,262144
v40,28,0.002813182,262144
v40,29,0.002594046,262144
v40,30,0.002539769,262144
v40,31,0.0024947783,262144
v40,32,0.002414799,262144
v40,33,0.0022920175,262144
v40,34,0.002251626,262144
v40,35,0.002091369,262144
v40,36,0.0020253162,262144
v40,37,0.0019944846,262144
v40,38,0.0019370723,262144
v40,39,0.0018437257,262144
v40,40,0.0017687435,262144
v40,41,0.0017344195,262144
v40,42,0.0016829459,262144
v40,43,0.0016120366,262144
v40,44,0.0015455384,262144
v40,45,0.0015321738,262144
v40,46,0.0014661675,262144
v40,47,0.0014621656,262144
v40,48,0.0014283118,262144
v40,49,0.0013646242,262144
v40,50,0.0013132243,262144
v40,51,0.0012618508,262144
v40,52,0.0012457315,262144
v40,53,0.0012424542,262144
v40,54,0.0011821939,262144
v40,55,0.0011450959,262144
v40,56,0.0011295683,262144
v40,57,0.0011094596,262144
v40,58,0.0010913298,262144
v40,59,0.0010518539,262144
v40,60,0.0010116363,262144
v40,61,0.0010003388,262144
v40,62,0.0009786936,262144
v40,63,0.00095524156,262144
v40,64,0.0009368189,262144
v40,65,0.0008909911,262144
v40,66,0.00087864476,262144
v40,67,0.0008496778,262144
v40,68,0.00082818605,262144
v40,69,0.00081547274,262144
v40,70,0.0007957311,262144
v40,71,0.00078627584,262144
v40,72,0.0007665236,262144
v40,73,0.0007527697,262144
v40,74,0.00074236456,262144
v40,75,0.0007271283,262144
v40,76,0.00071698317,262144
v40,77,0.0007104613,262144
v40,78,0.0006962968,262144
v40,79,0.0006807739,262144
v40,80,0.00067023345,262144
v40,81,0.0006596617,262144
v40,82,0.0006432693,262144
v40,83,0.0006335446,262144
v40,84,0.00061437115,262144
v40,85,0.0006044429,262144
v40,86,0.0006024879,262144
v40,87,0.00059133314,262144
v40,88,0.0005842687,262144
v40,89,0.0005737307,262144
v40,90,0.00056545547,262144
v40,91,0.0005563802,262144
v40,92,0.0005524664,262144
v40,93,0.0005381367,262144
v40,94,0.0005278919,262144
v40,95,0.00051851565,262144
v40,96,0.0005063559,262144
v40,97,0.00048864685,262144
v40,98,0.0004874105,262144
v40,99,0.00047630732,262144
v40,100,0.00047000544,262144
v40,101,0.00046404346,262144
v40,102,0.00046142086,262144
v40,103,0.0004561539,262144
v40,104,0.0004518643,262144
v40,105,0.00044594196,262144
v40,106,0.0004452409,262144
v40,107,0.00043067356,262144
v40,108,0.0004238597,262144
v40,109,0.00042185644,262144
v40,110,0.0004155856,262144
v40,111,0.0004053369,262144
v40,112,0.00039369587,262144
v40,113,0.00038933178,262144
v40,114,0.00038543888,262144
v40,115,0.0003804791,262144
v40,116,0.0003795952,262144
v40,117,0.00037285837,262144
v40,118,0.00037090227,262144
v40,119,0.00036912932,262144
v40,120,0.00035576432,262144
v40,121,0.0003546198,262144
v40,122,0.00034814098,262144
v40,123,0.00034402017,262144
v40,124,0.00033492388,262144
v40,125,0.00033457464,262144
v40,126,0.00032562538,262144
v40,127,0.00031960418,262144
v40,128,0.00031763126,262144
v40,129,0.00031531788,262144
v40,130,0.00031002882,262144
v40,131,0.00030245056,262144
v40,132,0.0002986386,262144
v40,133,0.00029751004,262144
v40,134,0.00029658843,262144
v40,135,0.0002927962,262144
v40,136,0.00029055684,262144
v40,137,0.00028720443,262144
v40,138,0.00028311886,262144
v40,139,0.00028162336,262144
v40,140,0.000276277,262144
v40,141,0.00027297315,262144
v40,142,0.00027130326,262144
v40,143,0.00026559393,262144
v40,144,0.00026367366,262144
v40,145,0.0002613261,262144
v40,146,0.0002568302,262144
v40,147,0.00025592145,262144
v40,148,0.0002516911,262144
v40,149,0.0002470988,262144
v40,150,0.00024528446,262144
v40,151,0.00024088008,262144
v40,152,0.00024046388,262144
v40,153,0.0002368453,262144
v40,154,0.00023567758,262144
v40,155,0.00023346773,262144
v40,156,0.000232657,262144
v40,157,0.00022885468,262144
v40,158,0.00022757436,262144
v40,159,0.00022458195,262144
v40,160,0.00021965553,262144
v40,161,0.00021871018,262144
v40,162,0.00021668752,262144
v40,163,0.00021453066,262144
v40,164,0.00021313477,262144
v40,165,0.00021155474,262144
v40,166,0.00020865504,262144
v40,167,0.00020679015,262144
v40,168,0.00020554491,262144
v40,169,0.00020266068,262144
v40,170,0.00020200563,262144
v40,171,0.00019893897,262144
v40,172,0.00019406273,262144
v40,173,0.00019283405,262144
v40,174,0.00019082424,262144
v40,175,0.0001898203,262144
v40,176,0.00018890017,262144
v40,177,0.00018640934,262144
v40,178,0.00018501279,262144
v40,179,0.00018265883,262144
v40,180,0.00017931608,262144
v40,181,0.00017724773,262144
v40,182,0.00017634608,262144
v40,183,0.00017563319,262144
v40,184,0.00017320485,262144
v40,185,0.00017201091,262144
v40,186,0.00016918722,262144
v40,187,0.00016842826,262144
v40,188,0.00016633394,262144
v40,189,0.00016496908,262144
v40,190,0.00016459126,262144
v40,191,0.00016354099,262144
v40,192,0.00016223438,262144
v40,193,0.00016087423,262144
v40,194,0.0001581334,262144
v40,195,0.00015736822,262144
v40,196,0.00015697222,262144
v40,197,0.00015476874,262144
v40,198,0.00015361959,262144
v40,199,0.00015243296,262144
v40,200,0.00015223063,262144
v40,201,0.00014932718,262144
v40,202,0.00014875001,262144
v40,203,0.00014764219,262144
v40,204,0.00014542062,262144
v40,205,0.00014407806,262144
v40,206,0.00014318048,262144
v40,207,0.0001419753,262144
v40,208,0.0001404797,262144
v40,209,0.00013991227,262144
v40,210,0.00013931026,262144
v40,211,0.00013773677,262144
v40,212,0.00013703162,262144
v40,213,0.00013622276,262144
v40,214,0.00013452102,262144
v40,215,0.00013441835,262144
v40,216,0.00013306398,262144
v40,217,0.00013172366,262144
v40,218,0.0001298866,262144
v40,219,0.00012904567,262144
v40,220,0.00012896257,262144
v40,221,0.00012597725,262144
v40,222,0.00012563805,262144
v40,223,0.00012463216,262144
v40,224,0.00012418577,262144
v40,225,0.00012380404,262144
v40,226,0.00012210307,262144
v40,227,0.000121527795,262144
v40,228,0.00012067764,262144
v40,229,0.00011976484,262144
v40,230,0.000118669246,262144
v40,231,0.000118295866,262144
v40,232,0.000116103736,262144
v40,233,0.00011565918,262144
v40,234,0.00011445308,262144
v40,235,0.00011397851,262144
v40,236,0.00011367291,262144
v40,237,0.000113297545,262144
v40,238,0.00011213441,262144
v40,239,0.000111687135,262144
v40,240,0.000110456494,262144
v40,241,0.00010998637,262144
v40,242,0.000109017725,262144
v40,243,0.000108178996,262144
v40,244,0.00010773541,262144
v40,245,0.00010676706,262144
v40,246,0.00010517862,262144
v40,247,0.00010436718,262144
v40,248,0.000104032544,262144
v40,249,0.00010274497,262144
v40,250,0.00010216437,262144
v40,251,0.00010201939,262144
v40,252,0.00010180367,262144
v40,253,0.000101186866,262144
v40,254,9.968095e-05,262144
v40,255,9.8747354e-05,262144
v40,256,9.8409735e-05,262144
v40,257,9.8077835e-05,262144
v40,258,9.720085e-05,262144
v40,259,9.6560674e-05,262144
v40,260,9.626264e-05,262144
v40,261,9.498327e-05,262144
v40,262,9.4335956e-05,262144
v40,263,9.348688e-05,262144
v40,264,9.3070405e-05,262144
v40,265,9.2299815e-05,262144
v40,266,9.207887e-05,262144
v40,267,9.041292e-05,262144
v40,268,9.026334e-05,262144
v40,269,8.94738e-05,262144
v40,270,8.92937e-05,262144
v40,271,8.834713e-05,262144
v40,272,8.806094e-05,262144
v40,273,8.770417e-05,262144
v40,274,8.695192e-05,262144
v40,275,8.607011e-05,262144
v40,276,8.5620784e-05,262144
v40,277,8.55236e-05,262144
v40,278,8.528767e-05,262144
v40,279,8.446083e-05,262144
v40,280,8.3726336e-05,262144
v40,281,8.319255e-05,262144
v40,282,8.275393e-05,262144
v40,283,8.182909e-05,262144
v40,284,8.09919e-05,262144
v40,285,8.043374e-05,262144
v40,286,8.0295125e-05,262144
v40,287,7.985027e-05,262144
v40,288,7.913331e-05,262144
v40,289,7.880828e-05,262144
v40,290,7.8718935e-05,262144
v40,291,7.779845e-05,262144
v40,292,7.749215e-05,262144
v40,293,7.7003555e-05,262144
v40,294,7.638848e-05,262144
v40,295,7.591073e-05,262144
v40,296,7.536369e-05,262144
v40,297,7.4561874e-05,262144
v40,298,7.4489806e-05,262144
v40,299,7.385009e-05,262144
v40,300,7.3561685e-05,262144
v40,301,7.329928e-05,262144
v40,302,7.2409675e-05,262144
v40,303,7.211557e-05,262144
v40,304,7.152004e-05,262144
v40,305,7.1173185e-05,262144
v40,306,7.06991e-05,262144
v40,307,7.042525e-05,262144
v40,308,6.99544e-05,262144
v40,309,6.9417365e-05,262144
v40,310,6.912889e-05,262144
v40,311,6.864213e-05,262144
v40,312,6.8306144e-05,262144
v40,313,6.7805624e-05,262144
v40,314,6.760123e-05,262144
v40,315,6.7428744e-05,262144
v40,316,6.680091e-05,262144
v40,317,6.639644e-05,262144
v40,318,6.627883e-05,262144
v40,319,6.57828e-05,262144
v40,320,6.537061e-05,262144
v40,321,6.502344e-05,262144
v40,322,6.450785e-05,262144
v40,323,6.430053e-05,262144
v40,324,6.398668e-05,262144
v40,325,6.370034e-05,262144
v40,326,6.3033265e-05,262144
v40,327,6.2427614e-05,262144
v40,328,6.1898994e-05,262144
v40,329,6.177774e-05,262144
v40,330,6.149804e-05,262144
v40,331,6.124958e-05,262144
v40,332,6.0696857e-05,262144
v40,333,6.057838e-05,262144
v40,334,6.0470535e-05,262144
v40,335,5.9896625e-05,262144
v40,336,5.9561065e-05,262144
v40,337,5.940127e-05,262144
v40,338,5.9144288e-05,262144
v40,339,5.861913e-05,262144
v40,340,5.8259586e-05,262144
v40,341,5.785724e-05,262144
v40,342,5.722142e-05,262144
v40,343,5.70013e-05,262144
v40,344,5.6911933e-05,262144
v40,345,5.624635e-05,262144
v40,346,5.6159548e-05,262144
v40,347,5.563247e-05,262144
v40,348,5.559554e-05,262144
v40,349,5.539653e-05,262144
v40,350,5.4680793e-05,262144
v40,351,5.4497665e-05,262144
v40,352,5.425353e-05,262144
v40,353,5.3728945e-05,262144
v40,354,5.362671e-05,262144
v40,355,5.322981e-05,262144
v40,356,5.2962663e-05,262144
v40,357,5.2821208e-05,262144
v40,358,5.24526e-05,262144
v40,359,5.2290867e-05,262144
v40,360,5.1921834e-05,262144
v40,361,5.1640443e-05,262144
v40,362,5.152547e-05,262144
v40,363,5.1301085e-05,262144
v40,364,5.089396e-05,262144
v40,365,5.0569757e-05,262144
v40,366,5.0479714e-05,262144
v40,367,5.0146857e-05,262144
v40,368,4.9706192e-05,262144
v40,369,4.9608647e-05,262144
v40,370,4.934222e-05,262144
v40,371,4.9098548e-05,262144
v40,372,4.8762166e-05,262144
v40,373,4.8554943e-05,262144
v40,374,4.84704e-05,262144
v40,375,4.8104295e-05,262144
v40,376,4.78919e-05,262144
v40,377,4.745773e-05,262144
v40,378,4.7216614e-05,262144
v40,379,4.717081e-05,262144
v40,380,4.698552e-05,262144
v40,381,4.64777e-05,262144
v40,382,4.6223136e-05,262144
v40,383,4.6035093e-05,262144
v40,384,4.5757646e-05,262144
v40,385,4.561051e-05,262144
v40,386,4.5355544e-05,262144
v40,387,4.509947e-05,262144
v40,388,4.494521e-05,262144
v40,389,4.4445344e-05,262144
v40,390,4.4186305e-05,262144
v40,391,4.3969667e-05,262144
v40,392,4.3690477e-05,262144
v40,393,4.3604818e-05,262144
v40,394,4.3430882e-05,262144
v40,395,4.3241096e-05,262144
v40,396,4.3047e-05,262144
v40,397,4.2785214e-05,262144
v40,398,4.274361e-05,262144
v40,399,4.252886e-05,262144
v40,400,4.228903e-05,262144
v40,401,4.1970532e-05,262144
v40,402,4.177416e-05,262144
v40,403,4.165259e-05,262144
v40,404,4.150129e-05,262144
v40,405,4.13064e-05,262144
v40,406,4.0947238e-05,262144
v40,407,4.083633e-05,262144
v40,408,4.0674386e-05,262144
v40,409,4.04173e-05,262144
v40,410,4.0080937e-05,262144
v40,411,3.9926104e-05,262144
v40,412,3.9770264e-05,262144
v40,413,3.9530427e-05,262144
v40,414,3.920192e-05,262144
v40,415,3.9183695e-05,262144
v40,416,3.8801787e-05,262144
v40,417,3.8628154e-05,262144
v40,418,3.8455375e-05,262144
v40,419,3.81534e-05,262144
v40,420,3.7880898e-05,262144
v40,421,3.765301e-05,262144
v40,422,3.7455637e-05,262144
v40,423,3.723836e-05,262144
v40,424,3.7140173e-05,262144
v40,425,3.7003178e-05,262144
v40,426,3.6922753e-05,262144
v40,427,3.6866648e-05,262144
v40,428,3.6582333e-05,262144
v40,429,3.6131394e-05,262144
v40,430,3.6006644e-05,262144
v40,431,3.5769408e-05,262144
v40,432,3.5666908e-05,262144
v40,433,3.5565583e-05,262144
v40,434,3.5417488e-05,262144
v40,435,3.5133886e-05,262144
v40,436,3.4912246e-05,262144
v40,437,3.4832792e-05,262144
v40,438,3.4719633e-05,262144
v40,439,3.4579087e-05,262144
v40,440,3.430518e-05,262144
v40,441,3.4151886e-05,262144
v40,442,3.4038796e-05,262144
v40,443,3.378539e-05,262144
v40,444,3.368959e-05,262144
v40,445,3.3611235e-05,262144
v40,446,3.324596e-05,262144
v40,447,3.3176442e-05,262144
v40,448,3.2916367e-05,262144
v40,449,3.2790893e-05,262144
v40,450,3.2616972e-05,262144
v40,451,3.240809e-05,262144
v40,452,3.2324344e-05,262144
v40,453,3.216169e-05,262144
v40,454,3.2067524e-05,262144
v40,455,3.184263e-05,262144
v40,456,3.166697e-05,262144
v40,457,3.143745e-05,262144
v40,458,3.1209198e-05,262144
v40,459,3.1167227e-05,262144
v40,460,3.095663e-05,262144
v40,461,3.0793202e-05,262144
v40,462,3.0679992e-05,262144
v40,463,3.064572e-05,262144
v40,464,3.0496001e-05,262144
v40,465,3.0207993e-05,262144
v40,466,3.0089841e-05,262144
v40,467,3.0067418e-05,262144
v40,468,2.9771261e-05,262144
v40,469,2.9659435e-05,262144
v40,470,2.9529176e-05,262144
v40,471,2.946099e-05,262144
v40,472,2.90748e-05,262144
v40,473,2.898384e-05,262144
v40,474,2.8838178e-05,262144
v40,475,2.8622697e-05,262144
v40,476,2.843297e-05,262144
v40,477,2.8297152e-05,262144
v40,478,2.8152972e-05,262144
v40,479,2.8011387e-05,262144
v40,480,2.7867527e-05,262144
v40,481,2.7647728e-05,262144
v40,482,2.7562248e-05,262144
v40,483,2.7493956e-05,262144
v40,484,2.7246911e-05,262144
v40,485,2.711428e-05,262144
v40,486,2.7003145e-05,262144
v40,487,2.6873846e-05,262144
v40,488,2.6753138e-05,262144
v40,489,2.661345e-05,262144
v40,490,2.6372034e-05,262144
v40,491,2.6187083e-05,262144
v40,492,2.5973739e-05,262144
v40,493,2.588553e-05,262144
v40,494,2.5712907e-05,262144
v40,495,2.5547197e-05,262144
v40,496,2.5515043e-05,262144
v40,497,2.5440391e-05,262144
v40,498,2.5276251e-05,262144
v40,499,2.5117602e-05,262144
v40,500,2.4996572e-05,262144
v40,501,2.490445e-05,262144
v40,502,2.4714745e-05,262144
v40,503,2.4556948e-05,262144
v40,504,2.4383498e-05,262144
v40,505,2.4194798e-05,262144
v40,506,2.4105697e-05,262144
v40,507,2.3874205e-05,262144
v40,508,2.3820854e-05,262144
v40,509,2.3604523e-05,262144
v40,510,2.3415509e-05,262144
v40,511,2.3278051e-05,262144
v40,512,2.3150928e-05,262144
v40,513,2.3082193e-05,262144
v40,514,2.2820406e-05,262144
v40,515,2.2780423e-05,262144
v40,516,2.2760069e-05,262144
v40,517,2.2716255e-05,262144
v40,518,2.2418797e-05,262144
v40,519,2.2291517e-05,262144
v40,520,2.218208e-05,262144
v40,521,2.2088254e-05,262144
v40,522,2.19926e-05,262144
v40,523,2.1772748e-05,262144
v40,524,2.1503458e-05,262144
v40,525,2.1432721e-05,262144
v40,526,2.1234966e-05,262144
v40,527,2.1153586e-05,262144
v40,528,2.1076688e-05,262144
v40,529,2.1034692e-05,262144
v40,530,2.0843949e-05,262144
v40,531,2.0574458e-05,262144
v40,532,2.0445501e-05,262144
v40,533,2.0307793e-05,262144
v40,534,2.0259937e-05,262144
v40,535,2.0136136e-05,262144
v40,536,1.9867168e-05,262144
v40,537,1.9768659e-05,262144
v40,538,1.9609417e-05,262144
v40,539,1.9506006e-05,262144
v40,540,1.9438792e-05,262144
v40,541,1.924215e-05,262144
v40,542,1.920046e-05,262144
v40,543,1.9031773e-05,262144
v40,544,1.8929506e-05,262144
v40,545,1.8824436e-05,262144
v40,546,1.874762e-05,262144
v40,547,1.854771e-05,262144
v40,548,1.833178e-05,262144
v40,549,1.8303039e-05,262144
v40,550,1.8110342e-05,262144
v40,551,1.7982176e-05,262144
v40,552,1.7951641e-05,262144
v40,553,1.7837425e-05,262144
v40,554,1.7611872e-05,262144
v40,555,1.741642e-05,262144
v40,556,1.721155e-05,262144
v40,557,1.7147897e-05,262144
v40,558,1.7062226e-05,262144
v40,559,1.6926118e-05,262144
v40,560,1.6754804e-05,262144
v40,561,1.6672908e-05,262144
v40,562,1.6414417e-05,262144
v40,563,1.627862e-05,262144
v40,564,1.6135278e-05,262144
v40,565,1.6072445e-05,262144
v40,566,1.5985714e-05,262144
v40,567,1.5739372e-05,262144
v40,568,1.5544218e-05,262144
v40,569,1.5516966e-05,262144
v40,570,1.5450267e-05,262144
v40,571,1.5249085e-05,262144
v40,572,1.5066334e-05,262144
v40,573,1.4768334e-05,262144
v40,574,1.47172395e-05,262144
v40,575,1.4629598e-05,262144
v40,576,1.4456933e-05,262144
v40,577,1.42913095e-05,262144
v40,578,1.4016471e-05,262144
v40,579,1.3864069e-05,262144
v40,580,1.3796198e-05,262144
v40,581,1.3580702e-05,262144
v40,582,1.3518097e-05,262144
v40,583,1.3196056e-05,262144
v40,584,1.3029543e-05,262144
v40,585,1.29096015e-05,262144
v40,586,1.2793599e-05,262144
v40,587,1.2657498e-05,262144
v40,588,1.2513231e-05,262144
v40,589,1.2288855e-05,262144
v40,590,1.1982429e-05,262144
v40,591,1.1776745e-05,262144
v40,592,1.1747803e-05,262144
v40,593,1.1634011e-05,262144
v40,594,1.1486799e-05,262144
v40,595,1.1363117e-05,262144
v40,596,1.1147997e-05,262144
v40,597,1.1095281e-05,262144
v40,598,1.0893476e-05,262144
v40,599,1.0701863e-05,262144
v40,600,1.0549762e-05,262144
v40,601,1.0391565e-05,262144
v40,602,1.0248181e-05,262144
v40,603,1.0068939e-05,262144
v40,604,1.0020092e-05,262144
v40,605,9.921231e-06,262144
v40,606,9.674122e-06,262144
v40,607,9.381446e-06,262144
v40,608,9.342569e-06,262144
v40,609,9.181336e-06,262144
v40,610,9.053952e-06,262144
v40,611,8.975458e-06,262144
v40,612,8.773425e-06,262144
v40,613,8.575693e-06,262144
v40,614,8.562308e-06,262144
v40,615,8.3987015e-06,262144
v40,616,8.145293e-06,262144
v40,617,7.988129e-06,262144
v40,618,7.952456e-06,262144
v40,619,7.801755e-06,262144
v40,620,7.649876e-06,262144
v40,621,7.558767e-06,262144
v40,622,7.413312e-06,262144
v40,623,7.2732755e-06,262144
v40,624,7.1668346e-06,262144
v40,625,6.9652033e-06,262144
v40,626,6.8561653e-06,262144
v40,627,6.6874654e-06,262144
v40,628,6.596657e-06,262144
v40,629,6.46495e-06,262144
v40,630,6.342219e-06,262144
v40,631,6.2801687e-06,262144
v40,632,6.0428806e-06,262144
v40,633,5.99066e-06,262144
v40,634,5.8144756e-06,262144
v40,635,5.7205666e-06,262144
v40,636,5.6325543e-06,262144
v40,637,5.503317e-06,262144
v40,638,5.4826246e-06,262144
v40,639,5.3259705e-06,262144
v40,640,5.225949e-06,262144
v40,641,5.1141856e-06,262144
v40,642,5.03717e-06,262144
v40,643,4.92546e-06,262144
v40,644,4.912498e-06,262144
v40,645,4.8147667e-06,262144
v40,646,4.6459572e-06,262144
v40,647,4.5123197e-06,262144
v40,648,4.320689e-06,262144
v40,649,4.209389e-06,262144
v40,650,4.142287e-06,262144
v40,651,4.0498103e-06,262144
v40,652,3.830638e-06,262144
v40,653,3.691223e-06,262144
v40,654,3.588521e-06,262144
v40,655,3.5685403e-06,262144
v40,656,3.402172e-06,262144
v40,657,3.3539973e-06,262144
v40,658,3.2813962e-06,262144
v40,659,3.2165276e-06,262144
v40,660,3.207712e-06,262144
v40,661,3.1030152e-06,262144
v40,662,3.0213644e-06,262144
v40,663,2.96807e-06,262144
v40,664,2.87559e-06,262144
v40,665,2.860192e-06,262144
v40,666,2.8173517e-06,262144
v40,667,2.769114e-06,262144
v40,668,2.6487858e-06,262144
v40,669,2.5751215e-06,262144
v40,670,2.48891e-06,262144
v40,671,2.4323372e-06,262144
v40,672,2.3809084e-06,262144
v40,673,2.339752e-06,262144
v40,674,2.3146868e-06,262144
v40,675,2.2088861e-06,262144
v40,676,2.169263e-06,262144
v40,677,2.1292458e-06,262144
v40,678,2.0765833e-06,262144
v40,679,2.0293178e-06,262144
v40,680,1.9677018e-06,262144
v40,681,1.8425898e-06,262144
v40,682,1.7972478e-06,262144
v40,683,1.7480362e-06,262144
v40,684,1.7237992e-06,262144
v40,685,1.6412049e-06,262144
v40,686,1.6147994e-06,262144
v40,687,1.4968491e-06,262144
v40,688,1.458404e-06,262144
v40,689,1.3840533e-06,262144
v40,690,1.3448665e-06,262144
v40,691,1.2103386e-06,262144
v40,692,1.1532762e-06,262144
v40,693,1.1032693e-06,262144
v40,694,1.0422805e-06,262144
v40,695,1.0180156e-06,262144
v40,696,9.836064e-07,262144
v40,697,9.658884e-07,262144
v40,698,9.266992e-07,262144
v40,699,8.9531335e-07,262144
v40,700,8.5330083e-07,262144
v40,701,8.356382e-07,262144
v40,702,7.7579267e-07,262144
v40,703,7.310632e-07,262144
v40,704,7.198398e-07,262144
v40,705,7.146022e-07,262144
v40,706,6.883101e-07,262144
v40,707,6.5158105e-07,262144
v40,708,6.256234e-07,262144
v40,709,6.1089554e-07,262144
v40,710,5.888117e-07,262144
v40,711,5.694912e-07,262144
v40,712,5.6680375e-07,262144
v40,713,5.411292e-07,262144
v40,714,5.257696e-07,262144
v40,715,5.1814385e-07,262144
v40,716,4.9331777e-07,262144
v40,717,4.755533e-07,262144
v40,718,4.5689546e-07,262144
v40,719,4.3634878e-07,262144
v40,720,4.313102e-07,262144
v40,721,3.973459e-07,262144
v40,722,3.9060012e-07,262144
v40,723,3.840412e-07,262144
v40,724,3.6949623e-07,262144
v40,725,3.6211839e-07,262144
v40,726,3.4021687e-07,262144
v40,727,3.2809695e-07,262144
v40,728,3.1284569e-07,262144
v40,729,2.9936842e-07,262144
v40,730,2.9572445e-07,262144
v40,731,2.7454684e-07,262144
v40,732,2.6455066e-07,262144
v40,733,2.591098e-07,262144
v40,734,2.343444e-07,262144
v40,735,2.3069308e-07,262144
v40,736,2.2490259e-07,262144
v40,737,2.2211489e-07,262144
v40,738,2.1604876e-07,262144
v40,739,2.0124324e-07,262144
v40,740,1.9145084e-07,262144
v40,741,1.7140191e-07,262144
v40,742,1.5962466e-07,262144
v40,743,1.5451174e-07,262144
v40,744,1.442778e-07,262144
v40,745,1.16298914e-07,262144
v40,746,1.0980867e-07,262144
v40,747,9.7861005e-08,262144
v40,748,9.136901e-08,262144
v40,749,8.295968e-08,262144
v40,750,8.0384574e-08,262144
v40,751,7.676879e-08,262144
v40,752,7.6290114e-08,262144
v40,753,7.2438134e-08,262144
v40,754,6.555917e-08,262144
v40,755,6.3867155e-08,262144
v40,756,6.0804076e-08,262144
v40,757,5.7577353e-08,262144
v40,758,5.1598903e-08,262144
v40,759,4.8166516e-08,262144
v40,760,4.3048427e-08,262144
v40,761,4.0341853e-08,262144
v40,762,3.924623e-08,262144
v40,763,3.7381586e-08,262144
v40,764,3.116085e-08,262144
v40,765,2.6125583e-08,262144
v40,766,2.2465713e-08,262144
v40,767,2.0983236e-08,262144
v40,768,1.8950324e-08,262144
v40,769,1.8814331e-08,262144
v40,770,1.4166292e-08,262144
v40,771,8.323446e-09,262144
v40,772,7.530197e-09,262144
v40,773,7.467517e-09,262144
v40,774,6.94653e-09,262144
v40,775,6.0506076e-09,262144
v40,776,5.914814e-09,262144
v40,777,4.620938e-09,262144
v40,778,4.1596575e-09,262144
v40,779,3.116352e-09,262144
v40,780,2.597421e-09,262144
v40,781,2.0328847e-09,262144
v40,782,1.5459201e-09,262144
v40,783,1.4211309e-09,262144
v40,784,1.1062381e-09,262144
v40,785,1.0103886e-09,262144
v40,786,9.434655e-10,262144
v40,787,8.33892e-10,262144
v40,788,7.6774637e-10,262144
v40,789,6.867156e-10,262144
v40,790,6.2195954e-10,262144
v40,791,5.6388805e-10,262144
v40,792,5.3101185e-10,262144
v40,793,4.5446472e-10,262144
v40,794,4.0474166e-10,262144
v40,795,3.4158382e-10,262144
v40,796,3.0445313e-10,262144
v40,797,2.8812136e-10,262144
v40,798,2.7574965e-10,262144
v40,799,2.5217783e-10,262144
v40,800,2.4744662e-10,262144
v40,801,2.3215767e-10,262144
v40,802,2.1169325e-10,262144
v40,803,2.1110139e-10,262144
v40,804,1.9220504e-10,262144
v40,805,1.8918112e-10,262144
v40,806,1.7115011e-10,262144
v40,807,1.6436778e-10,262144
v40,808,1.5380903e-10,262144
v40,809,1.4958025e-10,262144
v40,810,1.3898048e-10,262144
v40,811,1.3246254e-10,262144
v40,812,1.2620639e-10,262144
v40,813,1.2484666e-10,262144
v40,814,1.23064e-10,262144
v40,815,1.2245335e-10,262144
v40,816,1.208112e-10,262144
v40,817,1.1841633e-10,262144
v40,818,1.13791254e-10,262144
v40,819,1.1249883e-10,262144
v40,820,1.0763565e-10,262144
v40,821,1.0607952e-10,262144
v40,822,1.0130598e-10,262144
v40,823,9.634924e-11,262144
v40,824,9.5604996e-11,262144
v40,825,9.459731e-11,262144
v40,826,9.147505e-11,262144
v40,827,9.0675766e-11,262144
v40,828,8.776051e-11,262144
v40,829,8.5794004e-11,262144
v40,830,8.00094e-11,262144
v40,831,7.089753e-11,262144
v40,832,6.893305e-11,262144
v40,833,6.644712e-11,262144
v40,834,6.463476e-11,262144
v40,835,6.32859e-11,262144
v40,836,6.0791296e-11,262144
v40,837,5.8942615e-11,262144
v40,838,5.7862153e-11,262144
v40,839,5.730518e-11,262144
v40,840,5.6961335e-11,262144
v40,841,5.4576895e-11,262144
v40,842,5.3059796e-11,262144
v40,843,5.075619e-11,262144
v40,844,4.8278524e-11,262144
v40,845,4.7719988e-11,262144
v40,846,4.590655e-11,262144
v40,847,4.5701647e-11,262144
v40,848,4.4012932e-11,262144
v40,849,4.3324153e-11,262144
v40,850,4.254812e-11,262144
v40,851,4.231669e-11,262144
v40,852,4.096059e-11,262144
v40,853,4.0343635e-11,262144
v40,854,3.9178313e-11,262144
v40,855,3.871164e-11,262144
v40,856,3.8084477e-11,262144
v40,857,3.609389e-11,262144
v40,858,3.534696e-11,262144
v40,859,3.4047484e-11,262144
v40,860,3.3397472e-11,262144
v40,861,3.2757106e-11,262144
v40,862,3.2052982e-11,262144
v40,863,3.131022e-11,262144
v40,864,3.0739265e-11,262144
v40,865,3.0122415e-11,262144
v40,866,2.9214013e-11,262144
v40,867,2.8867568e-11,262144
v40,868,2.8205764e-11,262144
v40,869,2.7039171e-11,262144
v40,870,2.6771469e-11,262144
v40,871,2.6428047e-11,262144
v40,872,2.63098e-11,262144
v40,873,2.5573578e-11,262144
v40,874,2.5393234e-11,262144
v40,875,2.4578957e-11,262144
v40,876,2.4258071e-11,262144
v40,877,2.385405e-11,262144
v40,878,2.3113097e-11,262144
v40,879,2.2631858e-11,262144
v40,880,2.242488e-11,262144
v40,881,2.1777117e-11,262144
v40,882,2.1286433e-11,262144
v40,883,2.0720698e-11,262144
v40,884,1.9524096e-11,262144
v40,885,1.9108042e-11,262144
v40,886,1.8771627e-11,262144
v40,887,1.863136e-11,262144
v40,888,1.770758e-11,262144
v40,889,1.748192e-11,262144
v40,890,1.7360665e-11,262144
v40,891,1.6414816e-11,262144
v40,892,1.6248046e-11,262144
v40,893,1.5923643e-11,262144
v40,894,1.5741974e-11,262144
v40,895,1.5443095e-11,262144
v40,896,1.5319263e-11,262144
v40,897,1.4822633e-11,262144
v40,898,1.43670735e-11,262144
v40,899,1.4158277e-11,262144
v40,900,1.369265e-11,262144
v40,901,1.3642027e-11,262144
v40,902,1.3408751e-11,262144
v40,903,1.3046165e-11,262144
v40,904,1.257505e-11,262144
v40,905,1.2397819e-11,262144
v40,906,1.2139185e-11,262144
v40,907,1.2027325e-11,262144
v40,908,1.1843288e-11,262144
v40,909,1.1455408e-11,262144
v40,910,1.13641e-11,262144
v40,911,1.11022745e-11,262144
v40,912,1.0668622e-11,262144
v40,913,1.0473508e-11,262144
v40,914,1.0407554e-11,262144
v40,915,1.0355903e-11,262144
v40,916,1.0195312e-11,262144
v40,917,9.983778e-12,262144
v40,918,9.889239e-12,262144
v40,919,9.473304e-12,262144
v40,920,9.337251e-12,262144
v40,921,9.226666e-12,262144
v40,922,9.048772e-12,262144
v40,923,9.012518e-12,262144
v40,924,8.471602e-12,262144
v40,925,8.314455e-12,262144
v40,926,8.171947e-12,262144
v40,927,8.09745e-12,262144
v40,928,8.0180775e-12,262144
v40,929,7.71019e-12,262144
v40,930,7.300323e-12,262144
v40,931,6.9220038e-12,262144
v40,932,6.670471e-12,262144
v40,933,6.5049433e-12,262144
v40,934,6.310565e-12,262144
v40,935,6.2131264e-12,262144
v40,936,5.9892577e-12,262144
v40,937,5.9093646e-12,262144
v40,938,5.7707025e-12,262144
v40,939,5.629361e-12,262144
v40,940,5.466175e-12,262144
v40,941,5.4462593e-12,262144
v40,942,5.273354e-12,262144
v40,943,5.120108e-12,262144
v40,944,5.027529e-12,262144
v40,945,4.9996114e-12,262144
v40,946,4.685726e-12,262144
v40,947,4.6282713e-12,262144
v40,948,4.575273e-12,262144
v40,949,4.3520972e-12,262144
v40,950,4.2963506e-12,262144
v40,951,4.2728325e-12,262144
v40,952,4.0675445e-12,262144
v40,953,3.873023e-12,262144
v40,954,3.815242e-12,262144
v40,955,3.7637658e-12,262144
v40,956,3.654378e-12,262144
v40,957,3.5533779e-12,262144
v40,958,3.3930695e-12,262144
v40,959,3.35994e-12,262144
v40,960,3.332413e-12,262144
v40,961,3.3102108e-12,262144
v40,962,3.2228105e-12,262144
v40,963,3.0955128e-12,262144
v40,964,2.8731319e-12,262144
v40,965,2.8609606e-12,262144
v40,966,2.6915427e-12,262144
v40,967,2.6039657e-12,262144
v40,968,2.5390436e-12,262144
v40,969,2.351298e-12,262144
v40,970,2.2904725e-12,262144
v40,971,2.2259453e-12,262144
v40,972,2.1882212e-12,262144
v40,973,2.0834836e-12,262144
v40,974,1.9647482e-12,262144
v40,975,1.6484777e-12,262144
v40,976,1.577048e-12,262144
v40,977,1.4820849e-12,262144
v40,978,1.447168e-12,262144
v40,979,1.2668386e-12,262144
v40,980,1.249943e-12,262144
v40,981,1.1296631e-12,262144
v40,982,1.0867314e-12,262144
v40,983,1.0466916e-12,262144
v40,984,1.0223715e-12,262144
v40,985,9.413421e-13,262144
v40,986,8.2622163e-13,262144
v40,987,8.0687535e-13,262144
v40,988,7.342743e-13,262144
v40,989,7.205513e-13,262144
v40,990,6.9892285e-13,262144
v40,991,6.45647e-13,262144
v40,992,5.81418e-13,262144
v40,993,5.696978e-13,262144
v40,994,5.6167305e-13,262144
v40,995,5.265012e-13,262144
v40,996,5.146636e-13,262144
v40,997,4.6685914e-13,262144
v40,998,4.2813433e-13,262144
v40,999,3.802848e-13,262144
v40,1000,3.5121054e-13,262144
v40,1001,2.7330192e-13,262144
v40,1002,2.129132e-13,262144
v40,1003,1.970112e-13,262144
v40,1004,1.7817155e-13,262144
v40,1005,1.7131184e-13,262144
v40,1006,1.5848717e-13,262144
v40,1007,1.5258288e-13,262144
v40,1008,1.420881e-13,262144
v40,1009,1.3364178e-13,262144
v40,1010,1.1305538e-13,262144
v40,1011,9.649821e-14,262144
v40,1012,8.078231e-14,262144
v40,1013,7.639151e-14,262144
v40,1014,6.3046756e-14,262144
v40,1015,5.182132e-14,262144
v40,1016,4.1371966e-14,262144
v40,1017,3.7470942e-14,262144
v40,1018,3.3076416e-14,262144
v40,1019,3.0733398e-14,262144
v40,1020,2.3791199e-14,262144
v40,1021,2.1322752e-14,262144
v40,1022,4.117131e-15,262144
v40,1023,3.5405202e-15,262144
v40,1024,5.922031400000001e-16,262144
v46,1,3.5371685,65536
v46,2,0.2323382,65536
v46,3,0.08513483,65536
v46,4,0.04600189,65536
v46,5,0.019174142,65536
v46,6,0.015628438,65536
v46,7,0.011320783,65536
v46,8,0.009004126,65536
v46,9,0.0061203497,65536
v46,10,0.004796353,65536
v46,11,0.0037803575,65536
v46,12,0.0033724278,65536
v46,13,0.003191975,65536
v46,14,0.0026973144,65536
v46,15,0.0022584912,65536
v46,16,0.0020015433,65536
v46,17,0.0016256026,65536
v46,18,0.0015100547,65536
v46,19,0.001397477,65536
v46,20,0.001192457,65536
v46,21,0.0010053696,65536
v46,22,0.0009449003,65536
v46,23,0.0008590218,65536
v46,24,0.000819148,65536
v46,25,0.0007595977,65536
v46,26,0.0007121544,65536
v46,27,0.0006293776,65536
v46,28,0.00060963165,65536
v46,29,0.00055489625,65536
v46,30,0.0004883014,65536
v46,31,0.0004571845,65536
v46,32,0.00041337084,65536
v46,33,0.0003812915,65536
v46,34,0.00033825403,65536
v46,35,0.0003144449,65536
v46,36,0.00031023455,65536
v46,37,0.0002584681,65536
v46,38,0.0002509113,65536
v46,39,0.00023052197,65536
v46,40,0.00020886831,65536
v46,41,0.00018917696,65536
v46,42,0.0001784829,65536
v46,43,0.00016940465,65536
v46,44,0.00016144074,65536
v46,45,0.00014842015,65536
v46,46,0.00014190153,65536
v46,47,0.00013914431,65536
v46,48,0.00013065251,65536
v46,49,0.0001243432,65536
v46,50,0.0001182818,65536
v46,51,0.00011195968,65536
v46,52,0.00010580773,65536
v46,53,0.0001009151,65536
v46,54,9.870771e-05,65536
v46,55,9.179503e-05,65536
v46,56,8.904647e-05,65536
v46,57,8.5443346e-05,65536
v46,58,8.1918675e-05,65536
v46,59,8.082168e-05,65536
v46,60,7.679621e-05,65536
v46,61,7.272504e-05,65536
v46,62,6.987481e-05,65536
v46,63,6.6987224e-05,65536
v46,64,6.505139e-05,65536
v46,65,6.1004135e-05,65536
v46,66,5.9692728e-05,65536
v46,67,5.801885e-05,65536
v46,68,5.6796747e-05,65536
v46,69,5.5224493e-05,65536
v46,70,5.383399e-05,65536
v46,71,4.9717713e-05,65536
v46,72,4.7709134e-05,65536
v46,73,4.575355e-05,65536
v46,74,4.326244e-05,65536
v46,75,4.2549527e-05,65536
v46,76,4.064969e-05,65536
v46,77,3.8498387e-05,65536
v46,78,3.6683694e-05,65536
v46,79,3.5984318e-05,65536
v46,80,3.3304827e-05,65536
v46,81,3.2561e-05,65536
v46,82,3.1761432e-05,65536
v46,83,3.097084e-05,65536
v46,84,2.9324821e-05,65536
v46,85,2.865724e-05,65536
v46,86,2.8305803e-05,65536
v46,87,2.7287972e-05,65536
v46,88,2.6991782e-05,65536
v46,89,2.5018424e-05,65536
v46,90,2.4743948e-05,65536
v46,91,2.3512928e-05,65536
v46,92,2.2856617e-05,65536
v46,93,2.2009815e-05,65536
v46,94,2.156162e-05,65536
v46,95,2.0507077e-05,65536
v46,96,1.9814888e-05,65536
v46,97,1.9692787e-05,65536
v46,98,1.911034e-05,65536
v46,99,1.8957748e-05,65536
v46,100,1.7835982e-05,65536
v46,101,1.721943e-05,65536
v46,102,1.6493606e-05,65536
v46,103,1.6090791e-05,65536
v46,104,1.582815e-05,65536
v46,105,1.538851e-05,65536
v46,106,1.4884652e-05,65536
v46,107,1.4313946e-05,65536
v46,108,1.3801141e-05,65536
v46,109,1.3692177e-05,65536
v46,110,1.3509554e-05,65536
v46,111,1.30862345e-05,65536
v46,112,1.2395143e-05,65536
v46,113,1.2063028e-05,65536
v46,114,1.1917396e-05,65536
v46,115,1.14863815e-05,65536
v46,116,1.1196741e-05,65536
v46,117,1.1064887e-05,65536
v46,118,1.09698685e-05,65536
v46,119,1.0727941e-05,65536
v46,120,1.0657449e-05,65536
v46,121,1.0043052e-05,65536
v46,122,9.714685e-06,65536
v46,123,9.348951e-06,65536
v46,124,9.250326e-06,65536
v46,125,8.948213e-06,65536
v46,126,8.905011e-06,65536
v46,127,8.696474e-06,65536
v46,128,8.4209405e-06,65536
v46,129,8.157906e-06,65536
v46,130,7.966091e-06,65536
v46,131,7.839165e-06,65536
v46,132,7.760673e-06,65536
v46,133,7.476465e-06,65536
v46,134,7.1703403e-06,65536
v46,135,6.9617577e-06,65536
v46,136,6.833057e-06,65536
v46,137,6.749719e-06,65536
v46,138,6.566892e-06,65536
v46,139,6.366327e-06,65536
v46,140,6.2121726e-06,65536
v46,141,6.1374244e-06,65536
v46,142,5.7754087e-06,65536
v46,143,5.7332904e-06,65536
v46,144,5.503243e-06,65536
v46,145,5.4168477e-06,65536
v46,146,5.1988186e-06,65536
v46,147,5.1372444e-06,65536
v46,148,5.0240733e-06,65536
v46,149,4.929249e-06,65536
v46,150,4.831046e-06,65536
v46,151,4.787542e-06,65536
v46,152,4.681769e-06,65536
v46,153,4.4384906e-06,65536
v46,154,4.3975083e-06,65536
v46,155,4.2496245e-06,65536
v46,156,4.109943e-06,65536
v46,157,4.076332e-06,65536
v46,158,4.0446816e-06,65536
v46,159,3.9491583e-06,65536
v46,160,3.8571243e-06,65536
v46,161,3.7399404e-06,65536
v46,162,3.677201e-06,65536
v46,163,3.5940043e-06,65536
v46,164,3.4554628e-06,65536
v46,165,3.3575814e-06,65536
v46,166,3.245295e-06,65536
v46,167,3.1749196e-06,65536
v46,168,3.1435645e-06,65536
v46,169,3.1241136e-06,65536
v46,170,3.0574333e-06,65536
v46,171,2.9476644e-06,65536
v46,172,2.8968186e-06,65536
v46,173,2.8476004e-06,65536
v46,174,2.7630256e-06,65536
v46,175,2.7159606e-06,65536
v46,176,2.658253e-06,65536
v46,177,2.6283763e-06,65536
v46,178,2.5625354e-06,65536
v46,179,2.441325e-06,65536
v46,180,2.4104895e-06,65536
v46,181,2.3874957e-06,65536
v46,182,2.309583e-06,65536
v46,183,2.2922532e-06,65536
v46,184,2.2645318e-06,65536
v46,185,2.2113886e-06,65536
v46,186,2.1770375e-06,65536
v46,187,2.1414205e-06,65536
v46,188,2.0786022e-06,65536
v46,189,2.0249888e-06,65536
v46,190,1.9735273e-06,65536
v46,191,1.9579568e-06,65536
v46,192,1.9212282e-06,65536
v46,193,1.8635046e-06,65536
v46,194,1.8214492e-06,65536
v46,195,1.7742601e-06,65536
v46,196,1.7509196e-06,65536
v46,197,1.7342485e-06,65536
v46,198,1.6813433e-06,65536
v46,199,1.6414095e-06,65536
v46,200,1.6283633e-06,65536
v46,201,1.5959411e-06,65536
v46,202,1.5544375e-06,65536
v46,203,1.5328608e-06,65536
v46,204,1.4867027e-06,65536
v46,205,1.459488e-06,65536
v46,206,1.4336066e-06,65536
v46,207,1.3942322e-06,65536
v46,208,1.3585977e-06,65536
v46,209,1.3318646e-06,65536
v46,210,1.2931627e-06,65536
v46,211,1.2719935e-06,65536
v46,212,1.25396e-06,65536
v46,213,1.2082222e-06,65536
v46,214,1.1894538e-06,65536
v46,215,1.1642804e-06,65536
v46,216,1.1308687e-06,65536
v46,217,1.1181478e-06,65536
v46,218,1.0784579e-06,65536
v46,219,1.0646659e-06,65536
v46,220,1.0544288e-06,65536
v46,221,1.0241047e-06,65536
v46,222,9.887805e-07,65536
v46,223,9.82943e-07,65536
v46,224,9.657753e-07,65536
v46,225,9.462137e-07,65536
v46,226,9.0520007e-07,65536
v46,227,8.8908456e-07,65536
v46,228,8.6617484e-07,65536
v46,229,8.611319e-07,65536
v46,230,8.4400796e-07,65536
v46,231,8.287217e-07,65536
v46,232,8.1221077e-07,65536
v46,233,7.9947336e-07,65536
v46,234,7.8194597e-07,65536
v46,235,7.476994e-07,65536
v46,236,7.3431397e-07,65536
v46,237,7.3002263e-07,65536
v46,238,7.141367e-07,65536
v46,239,6.8905956e-07,65536
v46,240,6.826993e-07,65536
v46,241,6.7177433e-07,65536
v46,242,6.5538035e-07,65536
v46,243,6.3465376e-07,65536
v46,244,6.157559e-07,65536
v46,245,6.141243e-07,65536
v46,246,5.8956107e-07,65536
v46,247,5.8452696e-07,65536
v46,248,5.700976e-07,65536
v46,249,5.5636605e-07,65536
v46,250,5.4932514e-07,65536
v46,251,5.3656356e-07,65536
v46,252,5.2234134e-07,65536
v46,253,5.01658e-07,65536
v46,254,4.917119e-07,65536
v46,255,4.785697e-07,65536
v46,256,4.7378623e-07,65536
v46,257,4.6642043e-07,65536
v46,258,4.5966226e-07,65536
v46,259,4.4593466e-07,65536
v46,260,4.3549483e-07,65536
v46,261,4.1766083e-07,65536
v46,262,4.0992646e-07,65536
v46,263,4.0198884e-07,65536
v46,264,3.878409e-07,65536
v46,265,3.7002835e-07,65536
v46,266,3.6699086e-07,65536
v46,267,3.621564e-07,65536
v46,268,3.5596867e-07,65536
v46,269,3.512001e-07,65536
v46,270,3.389165e-07,65536
v46,271,3.2214965e-07,65536
v46,272,3.2095505e-07,65536
v46,273,3.1584494e-07,65536
v46,274,3.0977398e-07,65536
v46,275,3.0227298e-07,65536
v46,276,2.9791016e-07,65536
v46,277,2.8662396e-07,65536
v46,278,2.8013375e-07,65536
v46,279,2.729438e-07,65536
v46,280,2.6520868e-07,65536
v46,281,2.6021036e-07,65536
v46,282,2.5839046e-07,65536
v46,283,2.5092473e-07,65536
v46,284,2.4519076e-07,65536
v46,285,2.3401105e-07,65536
v46,286,2.3139434e-07,65536
v46,287,2.2708639e-07,65536
v46,288,2.2323606e-07,65536
v46,289,2.1769803e-07,65536
v46,290,2.091272e-07,65536
v46,291,2.0729154e-07,65536
v46,292,1.9965702e-07,65536
v46,293,1.9597222e-07,65536
v46,294,1.8889006e-07,65536
v46,295,1.863068e-07,65536
v46,296,1.82805e-07,65536
v46,297,1.7904539e-07,65536
v46,298,1.7791369e-07,65536
v46,299,1.6938942e-07,65536
v46,300,1.6693743e-07,65536
v46,301,1.6228132e-07,65536
v46,302,1.5980999e-07,65536
v46,303,1.5574119e-07,65536
v46,304,1.5152449e-07,65536
v46,305,1.4385755e-07,65536
v46,306,1.4346028e-07,65536
v46,307,1.4192291e-07,65536
v46,308,1.3624192e-07,65536
v46,309,1.3552605e-07,65536
v46,310,1.3190709e-07,65536
v46,311,1.2500466e-07,65536
v46,312,1.2468603e-07,65536
v46,313,1.1896419e-07,65536
v46,314,1.16068385e-07,65536
v46,315,1.1396222e-07,65536
v46,316,1.1248788e-07,65536
v46,317,1.0807241e-07,65536
v46,318,1.04628725e-07,65536
v46,319,1.01602026e-07,65536
v46,320,9.897913e-08,65536
v46,321,9.5494826e-08,65536
v46,322,9.368807e-08,65536
v46,323,9.2916466e-08,65536
v46,324,8.933597e-08,65536
v46,325,8.70783e-08,65536
v46,326,8.6168235e-08,65536
v46,327,8.389054e-08,65536
v46,328,8.1143654e-08,65536
v46,329,8.01733e-08,65536
v46,330,7.8752564e-08,65536
v46,331,7.6563225e-08,65536
v46,332,7.3457926e-08,65536
v46,333,7.080847e-08,65536
v46,334,6.951003e-08,65536
v46,335,6.619894e-08,65536
v46,336,6.432815e-08,65536
v46,337,6.2724595e-08,65536
v46,338,6.156001e-08,65536
v46,339,6.0248595e-08,65536
v46,340,5.7966133e-08,65536
v46,341,5.675081e-08,65536
v46,342,5.5730137e-08,65536
v46,343,5.3324378e-08,65536
v46,344,5.1637347e-08,65536
v46,345,5.0004864e-08,65536
v46,346,4.7896187e-08,65536
v46,347,4.6528925e-08,65536
v46,348,4.4929248e-08,65536
v46,349,4.4860684e-08,65536
v46,350,4.3029758e-08,65536
v46,351,4.1097476e-08,65536
v46,352,4.0538463e-08,65536
v46,353,3.9308542e-08,65536
v46,354,3.7673136e-08,65536
v46,355,3.6600213e-08,65536
v46,356,3.6031736e-08,65536
v46,357,3.515014e-08,65536
v46,358,3.4827032e-08,65536
v46,359,3.323058e-08,65536
v46,360,3.0777223e-08,65536
v46,361,3.027254e-08,65536
v46,362,2.8354819e-08,65536
v46,363,2.745632e-08,65536
v46,364,2.6184102e-08,65536
v46,365,2.5413291e-08,65536
v46,366,2.4260787e-08,65536
v46,367,2.3921997e-08,65536
v46,368,2.3051829e-08,65536
v46,369,2.2197888e-08,65536
v46,370,2.1688704e-08,65536
v46,371,2.1099622e-08,65536
v46,372,2.0642123e-08,65536
v46,373,1.9680966e-08,65536
v46,374,1.8820861e-08,65536
v46,375,1.8633374e-08,65536
v46,376,1.8095202e-08,65536
v46,377,1.7226396e-08,65536
v46,378,1.6362065e-08,65536
v46,379,1.5829245e-08,65536
v46,380,1.4935862e-08,65536
v46,381,1.44425965e-08,65536
v46,382,1.4211763e-08,65536
v46,383,1.3794443e-08,65536
v46,384,1.3317823e-08,65536
v46,385,1.2660739e-08,65536
v46,386,1.2293553e-08,65536
v46,387,1.1521684e-08,65536
v46,388,1.1321996e-08,65536
v46,389,1.0706564e-08,65536
v46,390,1.0549049e-08,65536
v46,391,1.0261467e-08,65536
v46,392,9.851175e-09,65536
v46,393,9.59157e-09,65536
v46,394,9.321088e-09,65536
v46,395,8.805526e-09,65536
v46,396,8.518398e-09,65536
v46,397,7.763531e-09,65536
v46,398,7.6331865e-09,65536
v46,399,7.2567357e-09,65536
v46,400,7.0617405e-09,65536
v46,401,6.9878068e-09,65536
v46,402,6.5141297e-09,65536
v46,403,6.1711685e-09,65536
v46,404,5.93061e-09,65536
v46,405,5.905103e-09,65536
v46,406,5.4720832e-09,65536
v46,407,5.1973568e-09,65536
v46,408,4.850327e-09,65536
v46,409,4.5860724e-09,65536
v46,410,4.406362e-09,65536
v46,411,4.2193427e-09,65536
v46,412,4.116141e-09,65536
v46,413,4.008605e-09,65536
v46,414,3.6951935e-09,65536
v46,415,3.5736494e-09,65536
v46,416,3.3480796e-09,65536
v46,417,3.1126872e-09,65536
v46,418,2.8057725e-09,65536
v46,419,2.736742e-09,65536
v46,420,2.4352582e-09,65536
v46,421,2.34307e-09,65536
v46,422,2.2084938e-09,65536
v46,423,1.9240955e-09,65536
v46,424,1.8805202e-09,65536
v46,425,1.855647e-09,65536
v46,426,1.7162017e-09,65536
v46,427,1.4669601e-09,65536
v46,428,1.3060618e-09,65536
v46,429,1.281558e-09,65536
v46,430,1.1804672e-09,65536
v46,431,1.1575336e-09,65536
v46,432,1.0756096e-09,65536
v46,433,1.0178978e-09,65536
v46,434,9.402394e-10,65536
v46,435,8.02457e-10,65536
v46,436,7.693642e-10,65536
v46,437,6.9658973e-10,65536
v46,438,6.219136e-10,65536
v46,439,5.6028887e-10,65536
v46,440,4.995711e-10,65536
v46,441,4.539454e-10,65536
v46,442,4.221211e-10,65536
v46,443,3.9619918e-10,65536
v46,444,3.853066e-10,65536
v46,445,3.7422868e-10,65536
v46,446,3.2500708e-10,65536
v46,447,3.118257e-10,65536
v46,448,2.9090289e-10,65536
v46,449,2.6076816e-10,65536
v46,450,2.1363514e-10,65536
v46,451,2.0871588e-10,65536
v46,452,2.0321564e-10,65536
v46,453,1.9401243e-10,65536
v46,454,1.9174799e-10,65536
v46,455,1.8022313e-10,65536
v46,456,1.6006779e-10,65536
v46,457,1.45138e-10,65536
v46,458,1.4183628e-10,65536
v46,459,1.3160939e-10,65536
v46,460,1.1685874e-10,65536
v46,461,1.1606289e-10,65536
v46,462,1.094285e-10,65536
v46,463,1.0009382e-10,65536
v46,464,9.4785256e-11,65536
v46,465,9.111547e-11,65536
v46,466,8.919175e-11,65536
v46,467,8.5375804e-11,65536
v46,468,7.990272e-11,65536
v46,469,7.623632e-11,65536
v46,470,7.422458e-11,65536
v46,471,7.0142336e-11,65536
v46,472,6.859311e-11,65536
v46,473,6.241523e-11,65536
v46,474,5.927477e-11,65536
v46,475,5.5800597e-11,65536
v46,476,5.283578e-11,65536
v46,477,5.2494554e-11,65536
v46,478,5.0168925e-11,65536
v46,479,4.841774e-11,65536
v46,480,4.696329e-11,65536
v46,481,4.6185115e-11,65536
v46,482,4.2974277e-11,65536
v46,483,3.8773706e-11,65536
v46,484,3.8478363e-11,65536
v46,485,3.8184334e-11,65536
v46,486,3.731227e-11,65536
v46,487,3.6317515e-11,65536
v46,488,3.545725e-11,65536
v46,489,3.4666523e-11,65536
v46,490,3.4296715e-11,65536
v46,491,3.2015328e-11,65536
v46,492,3.193288e-11,65536
v46,493,3.0474755e-11,65536
v46,494,2.9508878e-11,65536
v46,495,2.8035546e-11,65536
v46,496,2.7194058e-11,65536
v46,497,2.583547e-11,65536
v46,498,2.5042962e-11,65536
v46,499,2.4565041e-11,65536
v46,500,2.3795356e-11,65536
v46,501,2.2489646e-11,65536
v46,502,2.2080752e-11,65536
v46,503,2.1828046e-11,65536
v46,504,1.9572432e-11,65536
v46,505,1.9347326e-11,65536
v46,506,1.876617e-11,65536
v46,507,1.8562669e-11,65536
v46,508,1.689978e-11,65536
v46,509,1.6747543e-11,65536
v46,510,1.6131953e-11,65536
v46,511,1.5072393e-11,65536
v46,512,1.4723436e-11,65536
v46,513,1.4409175e-11,65536
v46,514,1.4373645e-11,65536
v46,515,1.3438641e-11,65536
v46,516,1.3232678e-11,65536
v46,517,1.2522441e-11,65536
v46,518,1.23311136e-11,65536
v46,519,1.1749061e-11,65536
v46,520,1.1176877e-11,65536
v46,521,1.0845104e-11,65536
v46,522,1.0304938e-11,65536
v46,523,9.966542e-12,65536
v46,524,9.702745e-12,65536
v46,525,9.445994e-12,65536
v46,526,8.900911e-12,65536
v46,527,8.769286e-12,65536
v46,528,8.4818975e-12,65536
v46,529,8.254892e-12,65536
v46,530,8.036099e-12,65536
v46,531,7.798878e-12,65536
v46,532,7.56716e-12,65536
v46,533,7.323262e-12,65536
v46,534,7.116458e-12,65536
v46,535,6.825711e-12,65536
v46,536,6.5661005e-12,65536
v46,537,6.4191838e-12,65536
v46,538,5.8963437e-12,65536
v46,539,5.722221e-12,65536
v46,540,5.676718e-12,65536
v46,541,5.5004035e-12,65536
v46,542,5.2683183e-12,65536
v46,543,5.0963266e-12,65536
v46,544,4.7928736e-12,65536
v46,545,4.70347e-12,65536
v46,546,4.657218e-12,65536
v46,547,4.296544e-12,65536
v46,548,4.2305252e-12,65536
v46,549,4.039738e-12,65536
v46,550,3.8246624e-12,65536
v46,551,3.7162075e-12,65536
v46,552,3.550037e-12,65536
v46,553,3.5038914e-12,65536
v46,554,3.3257487e-12,65536
v46,555,3.3207935e-12,65536
v46,556,3.1626073e-12,65536
v46,557,3.0082577e-12,65536
v46,558,2.8625847e-12,65536
v46,559,2.7339055e-12,65536
v46,560,2.6951167e-12,65536
v46,561,2.6223973e-12,65536
v46,562,2.4996066e-12,65536
v46,563,2.443907e-12,65536
v46,564,2.433169e-12,65536
v46,565,2.2260828e-12,65536
v46,566,2.1153264e-12,65536
v46,567,2.073223e-12,65536
v46,568,1.9239163e-12,65536
v46,569,1.8877016e-12,65536
v46,570,1.8211199e-12,65536
v46,571,1.7588507e-12,65536
v46,572,1.6607602e-12,65536
v46,573,1.5705525e-12,65536
v46,574,1.4936625e-12,65536
v46,575,1.437728e-12,65536
v46,576,1.3232613e-12,65536
v46,577,1.2571556e-12,65536
v46,578,1.2176127e-12,65536
v46,579,1.1825541e-12,65536
v46,580,1.1609966e-12,65536
v46,581,1.0928235e-12,65536
v46,582,1.0035415e-12,65536
v46,583,9.850225e-13,65536
v46,584,9.376472e-13,65536
v46,585,8.413933e-13,65536
v46,586,8.1433574e-13,65536
v46,587,7.451969e-13,65536
v46,588,6.9373744e-13,65536
v46,589,6.6475796e-13,65536
v46,590,6.166585e-13,65536
v46,591,6.126107e-13,65536
v46,592,5.3520106e-13,65536
v46,593,4.9906585e-13,65536
v46,594,4.510729e-13,65536
v46,595,4.218296e-13,65536
v46,596,4.065642e-13,65536
v46,597,3.8663454e-13,65536
v46,598,3.7447194e-13,65536
v46,599,3.5121748e-13,65536
v46,600,3.3276043e-13,65536
v46,601,3.2581598e-13,65536
v46,602,2.9953145e-13,65536
v46,603,2.7824113e-13,65536
v46,604,2.6949455e-13,65536
v46,605,2.611024e-13,65536
v46,606,2.311058e-13,65536
v46,607,2.1522157e-13,65536
v46,608,2.0336115e-13,65536
v46,609,1.9273973e-13,65536
v46,610,1.7768298e-13,65536
v46,611,1.5952452e-13,65536
v46,612,1.5676346e-13,65536
v46,613,1.456756e-13,65536
v46,614,1.411481e-13,65536
v46,615,1.3205835e-13,65536
v46,616,1.13515256e-13,65536
v46,617,1.1231891e-13,65536
v46,618,1.1068469e-13,65536
v46,619,1.01554006e-13,65536
v46,620,9.6243e-14,65536
v46,621,8.612334e-14,65536
v46,622,7.9870125e-14,65536
v46,623,7.894151e-14,65536
v46,624,7.630074e-14,65536
v46,625,7.127232e-14,65536
v46,626,6.349893e-14,65536
v46,627,5.592786e-14,65536
v46,628,5.4196807e-14,65536
v46,629,4.8926344e-14,65536
v46,630,4.52531e-14,65536
v46,631,4.2585262e-14,65536
v46,632,4.0684975e-14,65536
v46,633,3.2287432e-14,65536
v46,634,2.4470314e-14,65536
v46,635,1.6788578e-14,65536
v46,636,1.5143145e-14,65536
v46,637,1.1920852e-14,65536
v46,638,8.956647e-15,65536
v46,639,2.8192647e-15,65536
v46,640,3.9199745000000002e-16,65536
