version,title,group,n_samples,max_eigenvalue,condition_number,effective_sample_size
v13,PlantCAD2-S-88M 8192bp Angiosperm 2.6M 65sp,Functional DNA models,128,0.27798423,17595162473642.945,2.725035663922206
v13,PlantCAD2-S-88M 8192bp Angiosperm 2.6M 65sp,Functional DNA models,256,0.26260906,17592283618022.4,2.8307894738327968
v13,PlantCAD2-S-88M 8192bp Angiosperm 2.6M 65sp,Functional DNA models,512,0.21838543,2357616023444730.5,3.2811071906824787
v13,PlantCAD2-S-88M 8192bp Angiosperm 2.6M 65sp,Functional DNA models,1024,0.1794545,11938863375526.016,3.7409059667109963
v13,PlantCAD2-S-88M 8192bp Angiosperm 2.6M 65sp,Functional DNA models,4096,0.20201866,3377147383153.135,3.489457954847568
v13,PlantCAD2-S-88M 8192bp Angiosperm 2.6M 65sp,Functional DNA models,16384,0.19573376,2635405582514.697,3.5889174814836386
v13,PlantCAD2-S-88M 8192bp Angiosperm 2.6M 65sp,Functional DNA models,65536,0.18875675,2404475361601.0547,3.6822550833195042
v14,PlantCAD2-S-88M (random) 8192bp Angiosperm 2.6M 65sp,Functional DNA models (random weights),128,0.6245232,681953877607312.0,2.1334669356301155
v14,PlantCAD2-S-88M (random) 8192bp Angiosperm 2.6M 65sp,Functional DNA models (random weights),256,0.664705,17594988798532.566,2.134295582416661
v14,PlantCAD2-S-88M (random) 8192bp Angiosperm 2.6M 65sp,Functional DNA models (random weights),512,0.6739688,17910797442092.164,2.189712277126387
v14,PlantCAD2-S-88M (random) 8192bp Angiosperm 2.6M 65sp,Functional DNA models (random weights),1024,0.65260077,1206744.153381402,2.318377780952255
v14,PlantCAD2-S-88M (random) 8192bp Angiosperm 2.6M 65sp,Functional DNA models (random weights),4096,0.61634314,85004.95843640882,2.4250642014030133
v14,PlantCAD2-S-88M (random) 8192bp Angiosperm 2.6M 65sp,Functional DNA models (random weights),16384,0.61290646,58563.675310124316,2.436292836945264
v14,PlantCAD2-S-88M (random) 8192bp Angiosperm 2.6M 65sp,Functional DNA models (random weights),65536,0.612681,53794.75037566179,2.4530723717622527
v17,Marin IsoFLOP-25M 4096bp Angiosperm 2.6M 10sp,Functional DNA models,512,0.87521136,4.079111361836904e+17,1.6260599787743442
v17,Marin IsoFLOP-25M 4096bp Angiosperm 2.6M 10sp,Functional DNA models,1024,0.87446505,3.952095568879779e+16,1.630039899938778
v17,Marin IsoFLOP-25M 4096bp Angiosperm 2.6M 10sp,Functional DNA models,4096,0.8671725,2.0049713398153396e+16,1.573814973720168
v17,Marin IsoFLOP-25M 4096bp Angiosperm 2.6M 10sp,Functional DNA models,16384,0.8888948,1.7947729259757134e+16,1.5641457658648041
v17,Marin IsoFLOP-25M 4096bp Angiosperm 2.6M 10sp,Functional DNA models,65536,0.8868669,1.6987613462491772e+16,1.5672812517588748
v17,Marin IsoFLOP-25M 4096bp Angiosperm 2.6M 10sp,Functional DNA models,262144,0.8892614,1.6680585577932066e+16,1.5699235921123331
v26,Marin-9.5M (random) 4096bp Angiosperm 2.6M 10sp,Functional DNA models (random weights),512,15.75294,265894331.80937082,2.4829580568054204
v26,Marin-9.5M (random) 4096bp Angiosperm 2.6M 10sp,Functional DNA models (random weights),1024,16.03995,47584425.75876407,2.523184316746348
v26,Marin-9.5M (random) 4096bp Angiosperm 2.6M 10sp,Functional DNA models (random weights),4096,16.07132,21017679.55627698,2.554020158751227
v26,Marin-9.5M (random) 4096bp Angiosperm 2.6M 10sp,Functional DNA models (random weights),16384,16.25787,16372324.005424725,2.494444096995133
v26,Marin-9.5M (random) 4096bp Angiosperm 2.6M 10sp,Functional DNA models (random weights),65536,16.26332,14808068.87751711,2.5040072151072117
v26,Marin-9.5M (random) 4096bp Angiosperm 2.6M 10sp,Functional DNA models (random weights),262144,16.290785,14284957.042845964,2.501882201669065
v28,Marin-9.5M 512bp GPN animal promoter 9M 6sp,Functional DNA models,512,0.8404487,4.562266305289235e+16,1.2233263253546387
v28,Marin-9.5M 512bp GPN animal promoter 9M 6sp,Functional DNA models,4096,0.8953661,2.448947601915251e+16,1.2047281353091626
v28,Marin-9.5M 512bp GPN animal promoter 9M 6sp,Functional DNA models,16384,0.88821924,2.7204485426910812e+16,1.2133081614106749
v28,Marin-9.5M 512bp GPN animal promoter 9M 6sp,Functional DNA models,65536,0.89241457,2.1557377451124264e+16,1.216349740286649
v28,Marin-9.5M 512bp GPN animal promoter 9M 6sp,Functional DNA models,152624,0.8944486,2.5009392692034036e+16,1.21389944765408
v30,Qwen2-1.5B c4096 DCLM-Edu,Text models,512,462.00946,22707134342141.836,5.697343705880774
v30,Qwen2-1.5B c4096 DCLM-Edu,Text models,1024,427.13632,19936030898733.76,5.957081042691397
v30,Qwen2-1.5B c4096 DCLM-Edu,Text models,4096,434.74777,2115025324.0006764,5.910111133049106
v30,Qwen2-1.5B c4096 DCLM-Edu,Text models,8192,440.0083,1567789921.82363,5.854058450847096
v30,Qwen2-1.5B c4096 DCLM-Edu,Text models,16384,435.25302,1332566690.5583017,5.916632008906511
v33,NTv2-50M 512bp GPN animal promoter 65sp,Whole-genome DNA models,4096,1.0055382,1405268711968.8708,9.318782181147196
v33,NTv2-50M 512bp GPN animal promoter 65sp,Whole-genome DNA models,8192,0.99691284,56702254376152.984,9.450634621225745
v33,NTv2-50M 512bp GPN animal promoter 65sp,Whole-genome DNA models,16384,1.0214826,1544290764108.5837,9.1997981602807
v34,AgroNT-1B 6144bp Angiosperm 2.6M 65sp,Whole-genome DNA models,16384,1.1544021,7622206145306.69,9.21781085261369
v34,AgroNT-1B 6144bp Angiosperm 2.6M 65sp,Whole-genome DNA models,32768,1.1479793,377326632049.2821,9.239288443331928
v34,AgroNT-1B 6144bp Angiosperm 2.6M 65sp,Whole-genome DNA models,65536,1.1590315,18520603235.606865,9.204763898533121
v35,Qwen2-1.5B c4096 DCLM-Baseline,Text models,16384,586.47107,1990811704.6628911,4.806414521109439
v36,Qwen2-1.5B c4096 StarCoder Python,Text models,16384,739.7949,3984776197.0947022,3.007026704670426
v37,HyenaDNA-tiny 512bp GPN animal promoter 65sp,Whole-genome DNA models,16384,1.3519074,736035545547.4966,1.7149398355771204
v37,HyenaDNA-tiny 512bp GPN animal promoter 65sp,Whole-genome DNA models,65536,1.3457989,43875777004.19679,1.7436451017801737
v37,HyenaDNA-tiny 512bp GPN animal promoter 65sp,Whole-genome DNA models,262144,1.3524507,2981090227.8526454,1.7347876602119718
v41,GLM-Experiments-299M 512bp GPN animal promoter 9M 6sp,Functional DNA models,16384,0.49206915,959180799275179.6,3.3817232146992695
v41,GLM-Experiments-299M 512bp GPN animal promoter 9M 6sp,Functional DNA models,32768,0.49122047,916590784869806.6,3.3756826328130787
v41,GLM-Experiments-299M 512bp GPN animal promoter 9M 6sp,Functional DNA models,131072,0.49332952,897259185443627.5,3.339145426612105
