spectrum,rank,eigenvalue
model1,1,0.19072979285554265
model1,2,0.06477029986425627
model1,3,0.023156748944848718
model1,4,0.011614417486491462
model1,5,0.010676983483302342
model1,6,0.007714763486967283
model1,7,0.00572290279247664
model1,8,0.0055122936195272036
model1,9,0.004037825382191088
model1,10,0.0037958301774601907
model1,11,0.0026910187644418114
model1,12,0.002332310139721823
model1,13,0.00220150131701425
model1,14,0.0019796745697682194
model1,15,0.0019441166860523528
model1,16,0.0018187085875312828
model1,17,0.001675015535933739
model1,18,0.0016149219801027469
model1,19,0.0014042585603849297
model1,20,0.0013845052245433599
model1,21,0.001333733607728328
model1,22,0.0012550556020031309
model1,23,0.0011380118908494183
model1,24,0.0010958328770489625
model1,25,0.0010741453613654574
model1,26,0.0009846699183588634
model1,27,0.0009663904224723369
model1,28,0.0008686690729311474
model1,29,0.00084492454239401
model1,30,0.000819303135671104
model1,31,0.0007695826531539335
model1,32,0.0007563881032513982
model1,33,0.0007375006759274815
model1,34,0.0006991278317526582
model1,35,0.0006829767755703153
model1,36,0.0006650780859375014
model1,37,0.000640736755343325
model1,38,0.0006341102428622918
model1,39,0.000618459277862829
model1,40,0.0005956309658112464
model1,41,0.0005531495576995696
model1,42,0.0005276981623686952
model1,43,0.0005045245982081483
model1,44,0.00048727780695952946
model1,45,0.00047930680401514795
model1,46,0.00045454714014710407
model1,47,0.0004484885557230091
model1,48,0.0004402057604844578
model1,49,0.00043675038144365977
model1,50,0.0004230950381947109
model1,51,0.000414312843464165
model1,52,0.00040403900043693957
model1,53,0.0003894307956873416
model1,54,0.00037517847652769566
model1,55,0.0003702786687919235
model1,56,0.0003654465553488945
model1,57,0.0003534890881130126
model1,58,0.00035043671069679723
model1,59,0.000346473862079807
model1,60,0.00033534016475860416
model1,61,0.0003224687529085667
model1,62,0.00031638574932826076
model1,63,0.0003034175585898563
model1,64,0.0002974640394048782
model1,65,0.00028850865540529545
model1,66,0.000282751717627499
model1,67,0.0002807575694077204
model1,68,0.0002738554857210937
model1,69,0.0002622120955863169
model1,70,0.0002577174665704919
model1,71,0.00025016954321167156
model1,72,0.00024416417201715616
model1,73,0.00023792464656627614
model1,74,0.00023252713160024514
model1,75,0.00023158300869148915
model1,76,0.0002236162253447157
model1,77,0.00022152197475841067
model1,78,0.00021869525570812254
model1,79,0.00021526619400632132
model1,80,0.00021031291776675136
model1,81,0.00020545186079869203
model1,82,0.00019956068139392343
model1,83,0.00019827014563083455
model1,84,0.0001963825406040573
model1,85,0.00019029532740048893
model1,86,0.00018652396945797352
model1,87,0.00018540367316943052
model1,88,0.00017836118187745508
model1,89,0.00017549899443243284
model1,90,0.0001725845571477678
model1,91,0.0001704845440378556
model1,92,0.00016837679436952602
model1,93,0.00016093224811986328
model1,94,0.00015998962400406657
model1,95,0.0001577809931825003
model1,96,0.00015248728983878715
model1,97,0.00014996644333337145
model1,98,0.00014870397982219566
model1,99,0.00014831535889419563
model1,100,0.00014544410985469535
model1,101,0.00014272581968391743
model1,102,0.0001411435344772661
model1,103,0.0001377232789778306
model1,104,0.00013655270232888498
model1,105,0.0001334144288513963
model1,106,0.0001312851102648513
model1,107,0.00012915392264538673
model1,108,0.00012557157949976075
model1,109,0.0001239081469078864
model1,110,0.00012191172693612096
model1,111,0.00011989884147117194
model1,112,0.00011752006350801505
model1,113,0.00011474133960008741
model1,114,0.00011317803407555304
model1,115,0.00011107210239473902
model1,116,0.00010981900691116363
model1,117,0.00010880040937805743
model1,118,0.00010842424982522846
model1,119,0.00010529289180060513
model1,120,0.00010348670574938964
model1,121,0.00010047015852954631
model1,122,9.867163553495784e-05
model1,123,9.585269550845487e-05
model1,124,9.554090893524971e-05
model1,125,9.378130412039026e-05
model1,126,9.28577581780956e-05
model1,127,9.166404772351914e-05
model1,128,9.071595255204141e-05
model1,129,8.958082934169788e-05
model1,130,8.778284395919949e-05
model1,131,8.578388478580813e-05
model1,132,8.409140886303611e-05
model1,133,8.33022750094966e-05
model1,134,8.240320389799649e-05
model1,135,8.061752805111917e-05
model1,136,7.922905876589663e-05
model1,137,7.750514136948541e-05
model1,138,7.729481416356887e-05
model1,139,7.584471429339422e-05
model1,140,7.453103088877466e-05
model1,141,7.246170638112411e-05
model1,142,7.202995082651972e-05
model1,143,7.13122452361322e-05
model1,144,7.015253503405917e-05
model1,145,6.976356338027507e-05
model1,146,6.692583202425631e-05
model1,147,6.61613020455068e-05
model1,148,6.563043418777346e-05
model1,149,6.478169990143393e-05
model1,150,6.427480433401058e-05
model1,151,6.310561496625092e-05
model1,152,6.156189316767723e-05
model1,153,6.07060589831957e-05
model1,154,5.947315207328236e-05
model1,155,5.875719109451357e-05
model1,156,5.849737175688024e-05
model1,157,5.8017167247812005e-05
model1,158,5.643276002827425e-05
model1,159,5.587648603473795e-05
model1,160,5.457333439536877e-05
model1,161,5.439762407109693e-05
model1,162,5.3147400270769645e-05
model1,163,5.237859704648957e-05
model1,164,5.1918170293795104e-05
model1,165,5.1091248398966004e-05
model1,166,5.051124424759502e-05
model1,167,4.913932614774628e-05
model1,168,4.814979282434342e-05
model1,169,4.77381947635271e-05
model1,170,4.7411231114948655e-05
model1,171,4.588639758614608e-05
model1,172,4.460737917989187e-05
model1,173,4.439346504009468e-05
model1,174,4.289430587358899e-05
model1,175,4.225658298233213e-05
model1,176,4.166378787881994e-05
model1,177,4.1013933679760204e-05
model1,178,4.047291847146332e-05
model1,179,3.9701281762561116e-05
model1,180,3.8562489804271585e-05
model1,181,3.815702474940625e-05
model1,182,3.7844902428638075e-05
model1,183,3.679425800338944e-05
model1,184,3.6626350266907816e-05
model1,185,3.6042827193433045e-05
model1,186,3.565840521594715e-05
model1,187,3.474623410907281e-05
model1,188,3.3945077669513475e-05
model1,189,3.33383002293376e-05
model1,190,3.247083231137108e-05
model1,191,3.228425707681007e-05
model1,192,3.1269768558633254e-05
model1,193,3.108426193691439e-05
model1,194,3.0868502415344886e-05
model1,195,3.0399124077030922e-05
model1,196,3.0113343286833094e-05
model1,197,3.0085988559778935e-05
model1,198,2.9384379722808832e-05
model1,199,2.8502968454915372e-05
model1,200,2.7882527266164413e-05
model1,201,2.7507423144120992e-05
model1,202,2.7139991151930876e-05
model1,203,2.6345386517047222e-05
model1,204,2.597521741314509e-05
model1,205,2.4979134970064187e-05
model1,206,2.458165645379608e-05
model1,207,2.4416919937552013e-05
model1,208,2.409344603408775e-05
model1,209,2.363608066736086e-05
model1,210,2.318995366713801e-05
model1,211,2.3082428308506832e-05
model1,212,2.25499553268016e-05
model1,213,2.2273728564223682e-05
model1,214,2.1614499367622194e-05
model1,215,2.1050219852915648e-05
model1,216,2.0521730100183532e-05
model1,217,2.033907435390876e-05
model1,218,1.9992531157366413e-05
model1,219,1.9610168209525627e-05
model1,220,1.945541652412324e-05
model1,221,1.9137135982598842e-05
model1,222,1.8841275176403455e-05
model1,223,1.855145488721138e-05
model1,224,1.8224658514813236e-05
model1,225,1.7663214362305972e-05
model1,226,1.7473304261836612e-05
model1,227,1.7107681949135115e-05
model1,228,1.6657976758525485e-05
model1,229,1.6422210049829875e-05
model1,230,1.5909422352149527e-05
model1,231,1.572396957433334e-05
model1,232,1.544580585908813e-05
model1,233,1.5208441523957441e-05
model1,234,1.4935151768593746e-05
model1,235,1.4770670145104654e-05
model1,236,1.4347227161022885e-05
model1,237,1.4250057060340162e-05
model1,238,1.402588493523131e-05
model1,239,1.3565686929136855e-05
model1,240,1.3472289916842538e-05
model1,241,1.3066564615627735e-05
model1,242,1.2801731463012254e-05
model1,243,1.2499515691202824e-05
model1,244,1.219337262804928e-05
model1,245,1.2072423392245147e-05
model1,246,1.1773842903896834e-05
model1,247,1.1656724108084323e-05
model1,248,1.1553911363085348e-05
model1,249,1.1489717113276868e-05
model1,250,1.136089180190428e-05
model1,251,1.0868927927327089e-05
model1,252,1.069575453176645e-05
model1,253,1.0406828384406684e-05
model1,254,1.0221696775782946e-05
model1,255,1.0053623280887636e-05
model1,256,9.727895040923292e-06
model1,257,9.67696176288738e-06
model1,258,9.508479779278661e-06
model1,259,9.342973208720837e-06
model1,260,9.093174219301665e-06
model1,261,8.981567796602027e-06
model1,262,8.704487337333333e-06
model1,263,8.600466363542098e-06
model1,264,8.42262061922403e-06
model1,265,8.294594472109402e-06
model1,266,8.020077833497837e-06
model1,267,7.802876823944188e-06
model1,268,7.69278036826329e-06
model1,269,7.411173843500835e-06
model1,270,7.341619307946123e-06
model1,271,7.145062148315833e-06
model1,272,7.119721057668818e-06
model1,273,7.059678251335116e-06
model1,274,6.848956111612741e-06
model1,275,6.531740365115164e-06
model1,276,6.4617255971060315e-06
model1,277,6.437285858002044e-06
model1,278,6.305349371048809e-06
model1,279,6.1801901465648416e-06
model1,280,5.994057312134844e-06
model1,281,5.961611398012296e-06
model1,282,5.856493080645831e-06
model1,283,5.745921662102821e-06
model1,284,5.641864882945468e-06
model1,285,5.543701458544837e-06
model1,286,5.370979123952055e-06
model1,287,5.303223216624679e-06
model1,288,5.211817527972852e-06
model1,289,5.095547597260706e-06
model1,290,5.0616753228685775e-06
model1,291,5.015538663807184e-06
model1,292,4.8013613489131645e-06
model1,293,4.781803176663394e-06
model1,294,4.7067296039204725e-06
model1,295,4.5938765335157716e-06
model1,296,4.439767373634404e-06
model1,297,4.361812695602575e-06
model1,298,4.2823049674809466e-06
model1,299,4.222337303237568e-06
model1,300,4.164383057254865e-06
model1,301,4.127847074487438e-06
model1,302,3.988132625583936e-06
model1,303,3.936644709450496e-06
model1,304,3.833525552973517e-06
model1,305,3.7878454763197704e-06
model1,306,3.769108776146342e-06
model1,307,3.686389259434878e-06
model1,308,3.6085365939033178e-06
model1,309,3.5763890791532105e-06
model1,310,3.45758460784377e-06
model1,311,3.432282021199223e-06
model1,312,3.278188524604096e-06
model1,313,3.227672819542073e-06
model1,314,3.1922394651482185e-06
model1,315,3.1146523025337875e-06
model1,316,3.1112130863387918e-06
model1,317,3.0411969160240935e-06
model1,318,2.985439724189757e-06
model1,319,2.925862192133339e-06
model1,320,2.893578850869507e-06
model1,321,2.8304188616460313e-06
model1,322,2.7333153435247674e-06
model1,323,2.6672140218462545e-06
model1,324,2.63831395898702e-06
model1,325,2.5740639608483473e-06
model1,326,2.4652058703608157e-06
model1,327,2.441104509628372e-06
model1,328,2.4054256090036506e-06
model1,329,2.3462642093613057e-06
model1,330,2.2976010478580163e-06
model1,331,2.2407532035914983e-06
model1,332,2.2166036292960833e-06
model1,333,2.154199258794455e-06
model1,334,2.1215902996420093e-06
model1,335,2.0636604623573308e-06
model1,336,2.0351813165375305e-06
model1,337,2.001105444557279e-06
model1,338,1.9626702257750357e-06
model1,339,1.894447708126617e-06
model1,340,1.8779378713583202e-06
model1,341,1.8309579871166124e-06
model1,342,1.7912491064114866e-06
model1,343,1.7466710092821468e-06
model1,344,1.7059407974744887e-06
model1,345,1.686889089973554e-06
model1,346,1.6192656146282906e-06
model1,347,1.5894841531841687e-06
model1,348,1.5733037258738016e-06
model1,349,1.5370099813652717e-06
model1,350,1.5145655708618051e-06
model1,351,1.4765470923735753e-06
model1,352,1.4564198471353944e-06
model1,353,1.4183784678588177e-06
model1,354,1.4071635810644253e-06
model1,355,1.3913512564314347e-06
model1,356,1.3382644977890133e-06
model1,357,1.3322065808278954e-06
model1,358,1.3091610143556225e-06
model1,359,1.3003887949481186e-06
model1,360,1.2570887883571995e-06
model1,361,1.2394398172003661e-06
model1,362,1.2207060095222294e-06
model1,363,1.202905449348875e-06
model1,364,1.1721294584193422e-06
model1,365,1.1252696363356218e-06
model1,366,1.1112229457350086e-06
model1,367,1.0890890021318453e-06
model1,368,1.0739307439801775e-06
model1,369,1.0498459067793986e-06
model1,370,1.0290695679470233e-06
model1,371,1.008376770835112e-06
model1,372,9.783032861722673e-07
model1,373,9.635758915107408e-07
model1,374,9.473146745038822e-07
model1,375,9.395448676218257e-07
model1,376,9.239320509106893e-07
model1,377,9.052425024720841e-07
model1,378,8.941043699662578e-07
model1,379,8.880748008237304e-07
model1,380,8.836085310127484e-07
model1,381,8.669562276470479e-07
model1,382,8.356641282065082e-07
model1,383,8.270209298198422e-07
model1,384,8.143842870601313e-07
model1,385,7.890433959164547e-07
model1,386,7.729495784051034e-07
model1,387,7.555691996781767e-07
model1,388,7.451486323904089e-07
model1,389,7.362878546351819e-07
model1,390,7.162625869614143e-07
model1,391,7.035171866013526e-07
model1,392,6.962336966271449e-07
model1,393,6.916579828144259e-07
model1,394,6.811793898320316e-07
model1,395,6.557102455986912e-07
model1,396,6.470427372726834e-07
model1,397,6.377426860621378e-07
model1,398,6.197319528817936e-07
model1,399,6.128743221008257e-07
model1,400,6.070175059532764e-07
model1,401,6.013726220734297e-07
model1,402,5.919708924483224e-07
model1,403,5.859732414536918e-07
model1,404,5.802789317778929e-07
model1,405,5.636632386587229e-07
model1,406,5.574593287294901e-07
model1,407,5.499465395007566e-07
model1,408,5.414109572943035e-07
model1,409,5.337774490444911e-07
model1,410,5.184105760830162e-07
model1,411,5.114944430839146e-07
model1,412,5.059264227431332e-07
model1,413,5.011745322364178e-07
model1,414,4.919444001997483e-07
model1,415,4.859766581484963e-07
model1,416,4.803944803292732e-07
model1,417,4.7396490590458576e-07
model1,418,4.6634960719710223e-07
model1,419,4.613465636956237e-07
model1,420,4.5020156928580445e-07
model1,421,4.3961877345508773e-07
model1,422,4.334449317923803e-07
model1,423,4.309686568652209e-07
model1,424,4.2934057309221914e-07
model1,425,4.187617678230648e-07
model1,426,4.1433623775057426e-07
model1,427,4.078485308543158e-07
model1,428,3.982487917277423e-07
model1,429,3.9647565737436525e-07
model1,430,3.8828787006499283e-07
model1,431,3.846515818913162e-07
model1,432,3.7722772274991844e-07
model1,433,3.73793053705536e-07
model1,434,3.668269865957718e-07
model1,435,3.6544111936757985e-07
model1,436,3.6233719316901514e-07
model1,437,3.542885221676146e-07
model1,438,3.4931431326244455e-07
model1,439,3.4156449969856804e-07
model1,440,3.3909033397634623e-07
model1,441,3.352360229898586e-07
model1,442,3.331256760468851e-07
model1,443,3.2741052754700795e-07
model1,444,3.2390465316222743e-07
model1,445,3.204026997032934e-07
model1,446,3.1512344962017253e-07
model1,447,3.101075725144051e-07
model1,448,3.032711350619548e-07
model1,449,2.984943044444259e-07
model1,450,2.971200687896542e-07
model1,451,2.910651920145862e-07
model1,452,2.8555783241005494e-07
model1,453,2.8484115371798335e-07
model1,454,2.8084471404161284e-07
model1,455,2.7288022603923765e-07
model1,456,2.7026150320615886e-07
model1,457,2.6843592258396555e-07
model1,458,2.623001233475561e-07
model1,459,2.5883422014190624e-07
model1,460,2.564017008072483e-07
model1,461,2.517699552737078e-07
model1,462,2.4894031253375445e-07
model1,463,2.4494483366644974e-07
model1,464,2.426273529137709e-07
model1,465,2.3808103073580826e-07
model1,466,2.3588416052418946e-07
model1,467,2.3342344756943025e-07
model1,468,2.3290396566371372e-07
model1,469,2.3081935742402352e-07
model1,470,2.2382238181851402e-07
model1,471,2.2019527723910352e-07
model1,472,2.1783600482387362e-07
model1,473,2.149094536991611e-07
model1,474,2.1197793159396233e-07
model1,475,2.1088086986757672e-07
model1,476,2.0985084003275912e-07
model1,477,2.0291885231030603e-07
model1,478,2.009777756284093e-07
model1,479,1.9805730164180368e-07
model1,480,1.9676413867120765e-07
model1,481,1.9167660576140914e-07
model1,482,1.9020539148543992e-07
model1,483,1.8719141473765544e-07
model1,484,1.8436159678567246e-07
model1,485,1.8339509454644806e-07
model1,486,1.8165252092290542e-07
model1,487,1.81498674667292e-07
model1,488,1.778712225783925e-07
model1,489,1.7387245648299811e-07
model1,490,1.736940468499904e-07
model1,491,1.716579657429375e-07
model1,492,1.6648359668772613e-07
model1,493,1.6580206222091806e-07
model1,494,1.6391114325772074e-07
model1,495,1.6260170602744478e-07
model1,496,1.623109572534909e-07
model1,497,1.5819047283045946e-07
model1,498,1.5735956993167451e-07
model1,499,1.5419914993950502e-07
model1,500,1.5267205760237132e-07
model1,501,1.5070664635551014e-07
model1,502,1.486116138248515e-07
model1,503,1.4658359705954102e-07
model1,504,1.456823505417758e-07
model1,505,1.4047938567886704e-07
model1,506,1.3823365805753503e-07
model1,507,1.3594097669497336e-07
model1,508,1.3339526063003714e-07
model1,509,1.3241527834679523e-07
model1,510,1.318750594334114e-07
model1,511,1.2875892259568124e-07
model1,512,1.271724344267214e-07
model1,513,1.2507486792983086e-07
model1,514,1.23060276337855e-07
model1,515,1.2248519305776763e-07
model1,516,1.205613738294017e-07
model1,517,1.203335954508657e-07
model1,518,1.1757652655599037e-07
model1,519,1.1694861348788375e-07
model1,520,1.1392476925627307e-07
model1,521,1.1128575584838069e-07
model1,522,1.108191556468928e-07
model1,523,1.0823734929866145e-07
model1,524,1.0741673827221179e-07
model1,525,1.0621934616895876e-07
model1,526,1.057092562726688e-07
model1,527,1.0465758138976389e-07
model1,528,1.0363347117659055e-07
model1,529,1.0089900709352193e-07
model1,530,9.980785668413654e-08
model1,531,9.896141240429779e-08
model1,532,9.698200559639393e-08
model1,533,9.569361083092472e-08
model1,534,9.537561270751693e-08
model1,535,9.352664894212732e-08
model1,536,9.304555467085664e-08
model1,537,9.14278890063026e-08
model1,538,9.034604466198033e-08
model1,539,8.89442264465172e-08
model1,540,8.758978392658328e-08
model1,541,8.720830459727267e-08
model1,542,8.551877394876764e-08
model1,543,8.518119894921347e-08
model1,544,8.342268611584803e-08
model1,545,8.19594626059479e-08
model1,546,8.1073645079656e-08
model1,547,8.012949381605031e-08
model1,548,7.782837633597132e-08
model1,549,7.701861837949051e-08
model1,550,7.649441415430063e-08
model1,551,7.538790736417596e-08
model1,552,7.449793586058378e-08
model1,553,7.438666070840125e-08
model1,554,7.277960475087666e-08
model1,555,7.181041508539598e-08
model1,556,7.102795097196654e-08
model1,557,6.978072094022167e-08
model1,558,6.911315060473105e-08
model1,559,6.784863151389712e-08
model1,560,6.699098627591271e-08
model1,561,6.640567798610647e-08
model1,562,6.576784035944826e-08
model1,563,6.358521037594601e-08
model1,564,6.301220987897943e-08
model1,565,6.222635724749318e-08
model1,566,6.139843406171839e-08
model1,567,6.05413042482579e-08
model1,568,5.966568686824716e-08
model1,569,5.859135509706516e-08
model1,570,5.788567103856103e-08
model1,571,5.6267750337984494e-08
model1,572,5.600534243670081e-08
model1,573,5.5520171463987696e-08
model1,574,5.4389844656015506e-08
model1,575,5.418265225426219e-08
model1,576,5.369639510118071e-08
model1,577,5.199614313099718e-08
model1,578,5.1027943008933104e-08
model1,579,5.079903481489104e-08
model1,580,4.97479893554172e-08
model1,581,4.9200303300187495e-08
model1,582,4.777276139823681e-08
model1,583,4.757203885821038e-08
model1,584,4.69985593312151e-08
model1,585,4.684693698581156e-08
model1,586,4.613267611169948e-08
model1,587,4.5654500639037e-08
model1,588,4.5000116778836925e-08
model1,589,4.429026211916034e-08
model1,590,4.357242539579651e-08
model1,591,4.341955760912069e-08
model1,592,4.246913056681619e-08
model1,593,4.196554945563478e-08
model1,594,4.1830877731817345e-08
model1,595,4.064549888448337e-08
model1,596,3.985580858187338e-08
model1,597,3.971061516464765e-08
model1,598,3.875719179767057e-08
model1,599,3.828204637746083e-08
model1,600,3.774018272883605e-08
model1,601,3.756461025030416e-08
model1,602,3.740277792098582e-08
model1,603,3.658258318871291e-08
model1,604,3.5955198106855725e-08
model1,605,3.559802937111587e-08
model1,606,3.527655875580316e-08
model1,607,3.47776105583911e-08
model1,608,3.419343154400372e-08
model1,609,3.3808286069955676e-08
model1,610,3.3343784954988806e-08
model1,611,3.3108915656094216e-08
model1,612,3.20751736858885e-08
model1,613,3.181307319190099e-08
model1,614,3.139332648553968e-08
model1,615,3.0560574495906485e-08
model1,616,3.049950691008248e-08
model1,617,2.983068053404683e-08
model1,618,2.9627709964696152e-08
model1,619,2.8752353960381624e-08
model1,620,2.8522888047089547e-08
model1,621,2.829838837815321e-08
model1,622,2.781680626789953e-08
model1,623,2.7512659218758044e-08
model1,624,2.671708232221964e-08
model1,625,2.6396248717623895e-08
model1,626,2.586045397000007e-08
model1,627,2.5500673423305112e-08
model1,628,2.538294553582812e-08
model1,629,2.4592681902120848e-08
model1,630,2.41814349791731e-08
model1,631,2.398968562474245e-08
model1,632,2.3752879125246397e-08
model1,633,2.3549558205005754e-08
model1,634,2.2884103572624022e-08
model1,635,2.2773736788507673e-08
model1,636,2.2370098372055367e-08
model1,637,2.2150887570319216e-08
model1,638,2.1810635501103238e-08
model1,639,2.1174303132415184e-08
model1,640,2.104017118574437e-08
model1,641,2.092552319407769e-08
model1,642,2.065240281973341e-08
model1,643,1.9762988839734692e-08
model1,644,1.9448951887585052e-08
model1,645,1.9355340861486578e-08
model1,646,1.886475421935344e-08
model1,647,1.843745974794076e-08
model1,648,1.8058572537234984e-08
model1,649,1.7822360203527172e-08
model1,650,1.7402026901952387e-08
model1,651,1.708229287607841e-08
model1,652,1.7059157423189894e-08
model1,653,1.6573055179978742e-08
model1,654,1.6311228656508198e-08
model1,655,1.5982139886366542e-08
model1,656,1.5672969378335366e-08
model1,657,1.526989078830055e-08
model1,658,1.512272689738427e-08
model1,659,1.4513138989921248e-08
model1,660,1.4157564291076091e-08
model1,661,1.3692082670626735e-08
model1,662,1.3207483391197621e-08
model1,663,1.3166507685562892e-08
model1,664,1.3007439033363481e-08
model1,665,1.244645806797676e-08
model1,666,1.2283248531148007e-08
model1,667,1.1990353083230811e-08
model1,668,1.1429584009719008e-08
model1,669,1.1209215026579383e-08
model1,670,1.1029046225422619e-08
model1,671,1.0815060942410621e-08
model1,672,1.0590835633517217e-08
model1,673,1.0256555124696815e-08
model1,674,9.997429421955623e-09
model1,675,9.684497701931223e-09
model1,676,9.4568706314721e-09
model1,677,9.107456487601075e-09
model1,678,8.895443970428107e-09
model1,679,8.609510263759644e-09
model1,680,8.382882522184392e-09
model1,681,8.081882517893103e-09
model1,682,7.779388947329095e-09
model1,683,7.7707817958855e-09
model1,684,7.464266749741999e-09
model1,685,7.297252955297729e-09
model1,686,7.1187136530946635e-09
model1,687,7.003104711447305e-09
model1,688,6.882858335566827e-09
model1,689,6.759597698642714e-09
model1,690,6.5385921000838005e-09
model1,691,6.22863558199885e-09
model1,692,6.139056655211848e-09
model1,693,6.026393894717354e-09
model1,694,5.929780881118826e-09
model1,695,5.65479866285692e-09
model1,696,5.525759162112539e-09
model1,697,5.484722341168545e-09
model1,698,5.30992162207453e-09
model1,699,5.19102597340569e-09
model1,700,5.084746036784522e-09
model1,701,4.8547440528251905e-09
model1,702,4.7278673186566535e-09
model1,703,4.661314910936845e-09
model1,704,4.481406429615247e-09
model1,705,4.308206285980129e-09
model1,706,4.16492789318357e-09
model1,707,4.0901179991214e-09
model1,708,3.9723008315116595e-09
model1,709,3.904723385208779e-09
model1,710,3.6149763995931437e-09
model1,711,3.5159324279666173e-09
model1,712,3.4418289161236956e-09
model1,713,3.3849301829627047e-09
model1,714,3.2506874966546224e-09
model1,715,3.134752389120566e-09
model1,716,3.0732529500635196e-09
model1,717,2.9426391882493074e-09
model1,718,2.7914790283977127e-09
model1,719,2.6986345035810274e-09
model1,720,2.6815769020206587e-09
model1,721,2.4264388947075833e-09
model1,722,2.250143789662065e-09
model1,723,2.1552972295026387e-09
model1,724,2.11255986034566e-09
model1,725,1.9483224744844375e-09
model1,726,1.879210632529323e-09
model1,727,1.8490129989730848e-09
model1,728,1.7742240990996666e-09
model1,729,1.7309375366814298e-09
model1,730,1.7010169172340953e-09
model1,731,1.6348950728670289e-09
model1,732,1.6226605073522716e-09
model1,733,1.5016365889013705e-09
model1,734,1.4184621804899023e-09
model1,735,1.3598658828447434e-09
model1,736,1.2979331394232769e-09
model1,737,1.2466780893871504e-09
model1,738,1.2327909037657756e-09
model1,739,1.1687452637920312e-09
model1,740,1.0913431350056408e-09
model1,741,1.067569787990176e-09
model1,742,9.269929228410364e-10
model1,743,8.889267593629913e-10
model1,744,8.254276772382919e-10
model1,745,8.016616202604322e-10
model1,746,7.658996215344089e-10
model1,747,6.969952446881495e-10
model1,748,6.637415457302701e-10
model1,749,6.378012971828782e-10
model1,750,4.667260210750112e-10
model1,751,3.2651740717282634e-10
model1,752,2.685144854060896e-10
model1,753,2.316911821915099e-10
model1,754,1.9838387802836523e-10
model1,755,1.7710369496575173e-10
model1,756,1.5580332144147122e-10
model1,757,1.438429390842836e-10
model1,758,1.3332538345903328e-10
model1,759,1.1361191810446755e-10
model1,760,1.0291299202023174e-10
model1,761,8.5200655511281e-11
model1,762,7.494588874013337e-11
model1,763,6.78137116312796e-11
model1,764,5.5582831501074785e-11
model1,765,1.946950835932357e-11
model1,766,2.713547260346213e-12
model1,767,7.016704075103389e-13
model1,768,7.497504447501113e-14
model2,1,0.6058508964474607
model2,2,0.13165277239166062
model2,3,0.06275043887735916
model2,4,0.04943313266255345
model2,5,0.023128607139405136
model2,6,0.009795058665943834
model2,7,0.0062843723355817255
model2,8,0.005460719720161324
model2,9,0.00510370840619724
model2,10,0.004469256656082825
model2,11,0.003879944072993586
model2,12,0.0033311979276240745
model2,13,0.0024808497641582074
model2,14,0.0023733957871172992
model2,15,0.0022912091365393013
model2,16,0.002135530115697835
model2,17,0.002023961736214911
model2,18,0.001721608164471073
model2,19,0.0016729258648939668
model2,20,0.0014493021817348363
model2,21,0.0013561464456255052
model2,22,0.0012864384373788102
model2,23,0.0012258973266208364
model2,24,0.001167786848296927
model2,25,0.0011088027349218364
model2,26,0.0010885677518967835
model2,27,0.0010104285303836336
model2,28,0.0009396025411918339
model2,29,0.0009031605580818229
model2,30,0.0008650658990504901
model2,31,0.0008199666748796265
model2,32,0.000751523718143847
model2,33,0.0007020686341257123
model2,34,0.000656429771351642
model2,35,0.0006218758035211293
model2,36,0.0006102105635480186
model2,37,0.000547908851786025
model2,38,0.0005158513682306634
model2,39,0.0004926505305478185
model2,40,0.00046888591719062173
model2,41,0.000458986285315782
model2,42,0.0004515735545177939
model2,43,0.00044712098130048647
model2,44,0.00042363899952439874
model2,45,0.0003938913893699427
model2,46,0.0003904727520168403
model2,47,0.0003865357150829021
model2,48,0.00037902007840177117
model2,49,0.0003585192289452008
model2,50,0.00035295226791908646
model2,51,0.00034943221973065435
model2,52,0.00033570131530388553
model2,53,0.00033071938695548083
model2,54,0.00032336071104087843
model2,55,0.00031843697802668
model2,56,0.0003169327138293724
model2,57,0.00031350173519744426
model2,58,0.0003015309501733731
model2,59,0.00029612334022107616
model2,60,0.0002944912864082684
model2,61,0.00029027533531946755
model2,62,0.00028570814885890564
model2,63,0.0002835469635521401
model2,64,0.0002767559529661211
model2,65,0.00027550936725724654
model2,66,0.0002718161185768176
model2,67,0.0002662020141040002
model2,68,0.00026443525411117734
model2,69,0.000260168846542102
model2,70,0.00025688946891171073
model2,71,0.00025106582042460236
model2,72,0.00024899592711784664
model2,73,0.0002466168305773755
model2,74,0.00024372744005063363
model2,75,0.00023715428192364055
model2,76,0.0002352916423663397
model2,77,0.00023494339742949908
model2,78,0.00022872105080143373
model2,79,0.00022728280273821426
model2,80,0.00022380718682310597
model2,81,0.00022170476528310422
model2,82,0.00021826502199495678
model2,83,0.00021755128731781206
model2,84,0.0002155409178525227
model2,85,0.00021083502495241935
model2,86,0.0002084963976393831
model2,87,0.0002067575397581742
model2,88,0.00020644283392974854
model2,89,0.00020264024740232096
model2,90,0.000200104000919597
model2,91,0.0001986808305071722
model2,92,0.00019714950672650893
model2,93,0.00019570082104966607
model2,94,0.00019232319934359927
model2,95,0.00019080951036982272
model2,96,0.0001884370014480077
model2,97,0.00018678391594214986
model2,98,0.0001849394382594791
model2,99,0.00018246293400670454
model2,100,0.00018091283448086655
model2,101,0.00017864382371893158
model2,102,0.00017604610783716917
model2,103,0.00017547862206516708
model2,104,0.00017421404642079742
model2,105,0.00017254653396320447
model2,106,0.0001708668833626436
model2,107,0.00016940583540125126
model2,108,0.00016835261800990142
model2,109,0.0001671499370058764
model2,110,0.0001647983906357535
model2,111,0.00016160505791571391
model2,112,0.00016128961771643452
model2,113,0.00016014322668989007
model2,114,0.00015940372390581958
model2,115,0.00015735205261290357
model2,116,0.00015658056858512594
model2,117,0.00015573217259791646
model2,118,0.00015473568408772104
model2,119,0.0001539064216751998
model2,120,0.00015310054070527632
model2,121,0.00015135061292074128
model2,122,0.00015053768016460198
model2,123,0.00014917659284311455
model2,124,0.00014778980309455026
model2,125,0.0001453011397810868
model2,126,0.0001444664935688245
model2,127,0.0001439734070820419
model2,128,0.0001426810284983824
model2,129,0.00014156197845229416
model2,130,0.0001412535061934818
model2,131,0.0001405076258529215
model2,132,0.00013860929347566802
model2,133,0.00013791492605173114
model2,134,0.0001371609819890785
model2,135,0.00013588999134404438
model2,136,0.0001346076168217883
model2,137,0.00013415395531521214
model2,138,0.00013345686548397656
model2,139,0.00013196557890366651
model2,140,0.00013145177436248937
model2,141,0.00012925445704302079
model2,142,0.00012859050116249758
model2,143,0.00012794160016832304
model2,144,0.00012706368654110886
model2,145,0.0001258126321075715
model2,146,0.00012431957813374727
model2,147,0.00012263842363843399
model2,148,0.00012220630243896732
model2,149,0.00012191899617735149
model2,150,0.00012155132886014498
model2,151,0.00012071243959524727
model2,152,0.00012015602265146055
model2,153,0.00011873495665637816
model2,154,0.00011784290424076514
model2,155,0.00011724058165665335
model2,156,0.00011622845714562275
model2,157,0.0001157709718610351
model2,158,0.00011497198521511052
model2,159,0.00011427571094249753
model2,160,0.00011296930457389784
model2,161,0.00011240949201403218
model2,162,0.00011198251613275504
model2,163,0.00011158327352752404
model2,164,0.00011083340325572416
model2,165,0.00011046050910039907
model2,166,0.00010928054503560627
model2,167,0.00010888220061705546
model2,168,0.00010835578423098804
model2,169,0.00010701211858394743
model2,170,0.00010660078311436169
model2,171,0.00010589413491466581
model2,172,0.00010572597560695744
model2,173,0.00010463906535272243
model2,174,0.0001038205290073671
model2,175,0.00010321171977610078
model2,176,0.00010276064471985685
model2,177,0.00010244376739378501
model2,178,0.00010165225585436349
model2,179,0.00010088416564905576
model2,180,0.00010039039631298298
model2,181,0.00010012145673619982
model2,182,9.903380116383197e-05
model2,183,9.841140765741656e-05
model2,184,9.8229576257091e-05
model2,185,9.794586257320908e-05
model2,186,9.708503463657125e-05
model2,187,9.665044842846987e-05
model2,188,9.627509235354267e-05
model2,189,9.56484469329537e-05
model2,190,9.486042837000715e-05
model2,191,9.452210105225169e-05
model2,192,9.350021850093739e-05
model2,193,9.311145559340553e-05
model2,194,9.272818619190117e-05
model2,195,9.257581694745198e-05
model2,196,9.19593134059918e-05
model2,197,9.129658529050268e-05
model2,198,9.074909330337488e-05
model2,199,9.006597808128571e-05
model2,200,8.969541106327233e-05
model2,201,8.904207973916192e-05
model2,202,8.839559872477257e-05
model2,203,8.807627004888727e-05
model2,204,8.738229971364345e-05
model2,205,8.686076402373038e-05
model2,206,8.649441275029172e-05
model2,207,8.602726672954035e-05
model2,208,8.565680995485204e-05
model2,209,8.546518840518193e-05
model2,210,8.498233882565549e-05
model2,211,8.447325637115704e-05
model2,212,8.403007353247577e-05
model2,213,8.329692804201819e-05
model2,214,8.304421758961814e-05
model2,215,8.244007166179167e-05
model2,216,8.226671535684726e-05
model2,217,8.171837647423566e-05
model2,218,8.121402761528555e-05
model2,219,8.102463321615832e-05
model2,220,8.07410898193917e-05
model2,221,7.976950143603376e-05
model2,222,7.951630915911397e-05
model2,223,7.934982990316304e-05
model2,224,7.880058978199102e-05
model2,225,7.857548838714892e-05
model2,226,7.837882522376508e-05
model2,227,7.764792045779775e-05
model2,228,7.72210449837548e-05
model2,229,7.682380721273052e-05
model2,230,7.652651861805255e-05
model2,231,7.621398210757641e-05
model2,232,7.60616706495534e-05
model2,233,7.544948936876207e-05
model2,234,7.505135002707766e-05
model2,235,7.471420464753762e-05
model2,236,7.408930136156704e-05
model2,237,7.387865375090541e-05
model2,238,7.370307958329474e-05
model2,239,7.338025421026612e-05
model2,240,7.325865320438065e-05
model2,241,7.304542533933235e-05
model2,242,7.258093201649295e-05
model2,243,7.196104123476246e-05
model2,244,7.167379615608662e-05
model2,245,7.13997126847385e-05
model2,246,7.118263211044661e-05
model2,247,7.063784116371015e-05
model2,248,7.05208821569818e-05
model2,249,6.984233530185334e-05
model2,250,6.938274998624056e-05
model2,251,6.918592645005877e-05
model2,252,6.891910081867139e-05
model2,253,6.826020043821121e-05
model2,254,6.806848264774539e-05
model2,255,6.795952758577062e-05
model2,256,6.776703462883406e-05
model2,257,6.735447134991779e-05
model2,258,6.707967009210312e-05
model2,259,6.694361476216216e-05
model2,260,6.666155397924586e-05
model2,261,6.632066391849993e-05
model2,262,6.611004682957456e-05
model2,263,6.552734364012639e-05
model2,264,6.52807018397761e-05
model2,265,6.514640792001075e-05
model2,266,6.501892902268057e-05
model2,267,6.470461632782414e-05
model2,268,6.459299411330052e-05
model2,269,6.435118291724427e-05
model2,270,6.390959470211176e-05
model2,271,6.38188377574259e-05
model2,272,6.333954293289578e-05
model2,273,6.311171076405677e-05
model2,274,6.268088710226953e-05
model2,275,6.227686933123314e-05
model2,276,6.188562517169418e-05
model2,277,6.178354216644348e-05
model2,278,6.156073513746552e-05
model2,279,6.136387355120579e-05
model2,280,6.118024978389767e-05
model2,281,6.088827722873106e-05
model2,282,6.0740989330259566e-05
model2,283,6.048318574201776e-05
model2,284,6.016526740198514e-05
model2,285,5.996456988774987e-05
model2,286,5.980714102911825e-05
model2,287,5.969674809999459e-05
model2,288,5.937805663747482e-05
model2,289,5.917231955766115e-05
model2,290,5.889008577666882e-05
model2,291,5.8650906995222264e-05
model2,292,5.8511303737121774e-05
model2,293,5.8132127117343715e-05
model2,294,5.792217777673038e-05
model2,295,5.758196276682226e-05
model2,296,5.745298566435935e-05
model2,297,5.712520714478062e-05
model2,298,5.708899252216651e-05
model2,299,5.682638401607324e-05
model2,300,5.622924377675841e-05
model2,301,5.6100201565707106e-05
model2,302,5.583382212004451e-05
model2,303,5.559024793694567e-05
model2,304,5.532290169758684e-05
model2,305,5.502199599606228e-05
model2,306,5.487300084605735e-05
model2,307,5.470564847159658e-05
model2,308,5.452317969230353e-05
model2,309,5.435631965612333e-05
model2,310,5.421197875275195e-05
model2,311,5.4045511534633935e-05
model2,312,5.3944806773886586e-05
model2,313,5.380854272962483e-05
model2,314,5.3565217157533356e-05
model2,315,5.3251645933783826e-05
model2,316,5.287228655945478e-05
model2,317,5.263607609176425e-05
model2,318,5.2408887231267876e-05
model2,319,5.232028153000997e-05
model2,320,5.200289634917159e-05
model2,321,5.1956483332688206e-05
model2,322,5.164513878835964e-05
model2,323,5.154132561903528e-05
model2,324,5.140778681448397e-05
model2,325,5.1262320401994505e-05
model2,326,5.1082608124099495e-05
model2,327,5.0577531341067906e-05
model2,328,5.0258304154427534e-05
model2,329,5.008347204465578e-05
model2,330,4.996870518144304e-05
model2,331,4.988653202581948e-05
model2,332,4.962562812180229e-05
model2,333,4.944284564128324e-05
model2,334,4.934910510031586e-05
model2,335,4.889079078599047e-05
model2,336,4.8754558157089e-05
model2,337,4.8735358333184644e-05
model2,338,4.865108650923626e-05
model2,339,4.840850144608487e-05
model2,340,4.8167955193027384e-05
model2,341,4.801049351335693e-05
model2,342,4.786907876021482e-05
model2,343,4.7770133744968495e-05
model2,344,4.7593857530467354e-05
model2,345,4.733070736154106e-05
model2,346,4.715517756126134e-05
model2,347,4.678874984730487e-05
model2,348,4.6725504390261834e-05
model2,349,4.664254244128141e-05
model2,350,4.6543197579874165e-05
model2,351,4.616906153740437e-05
model2,352,4.6026141727134304e-05
model2,353,4.589542811537601e-05
model2,354,4.565728392747535e-05
model2,355,4.5585154767720746e-05
model2,356,4.534489313651601e-05
model2,357,4.523239342024068e-05
model2,358,4.495050093745505e-05
model2,359,4.491967419007564e-05
model2,360,4.488333392356455e-05
model2,361,4.467265806632289e-05
model2,362,4.440282664796124e-05
model2,363,4.429729619028032e-05
model2,364,4.416405795484271e-05
model2,365,4.400517858073396e-05
model2,366,4.3697606516847805e-05
model2,367,4.3551642639325046e-05
model2,368,4.343646978131097e-05
model2,369,4.334189019282281e-05
model2,370,4.3256557116425794e-05
model2,371,4.316703962630875e-05
model2,372,4.274036526704992e-05
model2,373,4.266515260006864e-05
model2,374,4.244801737319102e-05
model2,375,4.235940524190317e-05
model2,376,4.223875246100763e-05
model2,377,4.195823288252595e-05
model2,378,4.1863572016938863e-05
model2,379,4.1813407894222184e-05
model2,380,4.154962579283584e-05
model2,381,4.131498537109553e-05
model2,382,4.123639335157803e-05
model2,383,4.109451761091723e-05
model2,384,4.093766833268207e-05
model2,385,4.079188903565612e-05
model2,386,4.0673087545162094e-05
model2,387,4.0564600420241825e-05
model2,388,4.035923626741793e-05
model2,389,4.026068601484661e-05
model2,390,4.0209975797772074e-05
model2,391,3.988700454824074e-05
model2,392,3.987079072153683e-05
model2,393,3.970977155400621e-05
model2,394,3.9647541139003685e-05
model2,395,3.962909674129162e-05
model2,396,3.945710126633378e-05
model2,397,3.924614789518511e-05
model2,398,3.904655095403008e-05
model2,399,3.88856987684432e-05
model2,400,3.882345640833311e-05
model2,401,3.878629646474756e-05
model2,402,3.866320159672621e-05
model2,403,3.8593179892071076e-05
model2,404,3.8348034569311395e-05
model2,405,3.8230172638546286e-05
model2,406,3.818849842902953e-05
model2,407,3.8042788712279785e-05
model2,408,3.794347803884243e-05
model2,409,3.782577988528531e-05
model2,410,3.766647102701245e-05
model2,411,3.7444622599989084e-05
model2,412,3.7317532278171966e-05
model2,413,3.723194085063756e-05
model2,414,3.715830201106988e-05
model2,415,3.7099969588516414e-05
model2,416,3.6960578497409635e-05
model2,417,3.6862547527611656e-05
model2,418,3.674296289819595e-05
model2,419,3.6625417970730315e-05
model2,420,3.636039334058373e-05
model2,421,3.623913980486064e-05
model2,422,3.617712417124089e-05
model2,423,3.595450094391389e-05
model2,424,3.577039681691269e-05
model2,425,3.55713593176334e-05
model2,426,3.547807842881916e-05
model2,427,3.5346333834923474e-05
model2,428,3.521625667126448e-05
model2,429,3.512206790894205e-05
model2,430,3.495033574676138e-05
model2,431,3.4843208219339975e-05
model2,432,3.4718955561010834e-05
model2,433,3.4634261583052725e-05
model2,434,3.442922599270161e-05
model2,435,3.430135640298749e-05
model2,436,3.42084069932101e-05
model2,437,3.4184324766238055e-05
model2,438,3.409212141058076e-05
model2,439,3.3940645918442874e-05
model2,440,3.386994334752758e-05
model2,441,3.369079380291121e-05
model2,442,3.358673036757787e-05
model2,443,3.3495548359817756e-05
model2,444,3.341531936352627e-05
model2,445,3.327975065130165e-05
model2,446,3.3150594975749454e-05
model2,447,3.3017850866069285e-05
model2,448,3.288680778924574e-05
model2,449,3.2803288663325716e-05
model2,450,3.271132790716117e-05
model2,451,3.2583428777476526e-05
model2,452,3.2498399403698204e-05
model2,453,3.2454714681460115e-05
model2,454,3.221204814478931e-05
model2,455,3.212213495716338e-05
model2,456,3.201270653771513e-05
model2,457,3.1960818323293004e-05
model2,458,3.1879296496344326e-05
model2,459,3.1616533830855914e-05
model2,460,3.1613898828580484e-05
model2,461,3.1575987401784713e-05
model2,462,3.13993290056004e-05
model2,463,3.133281646078807e-05
model2,464,3.112273661622248e-05
model2,465,3.104126687196832e-05
model2,466,3.094699035856424e-05
model2,467,3.089977667508442e-05
model2,468,3.076922436108631e-05
model2,469,3.060599559730441e-05
model2,470,3.0442741365757966e-05
model2,471,3.0393199151189712e-05
model2,472,3.0316433108609326e-05
model2,473,3.0209001969741713e-05
model2,474,3.0123506777365985e-05
model2,475,3.0096826359780054e-05
model2,476,3.0061628558420897e-05
model2,477,2.995537040266015e-05
model2,478,2.9851354373428913e-05
model2,479,2.9776435374476157e-05
model2,480,2.9660094012095496e-05
model2,481,2.9640478362232646e-05
model2,482,2.946398614719409e-05
model2,483,2.9350368128399273e-05
model2,484,2.928919157062404e-05
model2,485,2.9203097942485304e-05
model2,486,2.906725922928955e-05
model2,487,2.8930946254040885e-05
model2,488,2.890001360112987e-05
model2,489,2.8710785225664013e-05
model2,490,2.8636815330521185e-05
model2,491,2.853706360046571e-05
model2,492,2.846636430844104e-05
model2,493,2.8378988738027086e-05
model2,494,2.8287644696708564e-05
model2,495,2.8184988037122434e-05
model2,496,2.8100352653072623e-05
model2,497,2.79715392898784e-05
model2,498,2.7900435081073024e-05
model2,499,2.782526144876237e-05
model2,500,2.772340401721168e-05
model2,501,2.7663981589926565e-05
model2,502,2.757291292864742e-05
model2,503,2.753210831458673e-05
model2,504,2.740534357249342e-05
model2,505,2.7294885898945856e-05
model2,506,2.7182186438826307e-05
model2,507,2.717442264184799e-05
model2,508,2.704536892263829e-05
model2,509,2.6978693307184237e-05
model2,510,2.6861769520536382e-05
model2,511,2.6828709110058495e-05
model2,512,2.676494875965108e-05
model2,513,2.6614033367913833e-05
model2,514,2.6508906235133462e-05
model2,515,2.645448390758064e-05
model2,516,2.6395256517235933e-05
model2,517,2.6367649167844256e-05
model2,518,2.623683061054709e-05
model2,519,2.6097053449707128e-05
model2,520,2.606637405013639e-05
model2,521,2.6010975606899822e-05
model2,522,2.5949057336126032e-05
model2,523,2.5912765524998093e-05
model2,524,2.5838278111644776e-05
model2,525,2.5699582350302867e-05
model2,526,2.565797658090142e-05
model2,527,2.5532121121249246e-05
model2,528,2.5415826858531066e-05
model2,529,2.5277387749195943e-05
model2,530,2.5270356805893784e-05
model2,531,2.5220456433565096e-05
model2,532,2.515536734200106e-05
model2,533,2.5062700452611913e-05
model2,534,2.5003365389445776e-05
model2,535,2.4983258160489447e-05
model2,536,2.4869231084167188e-05
model2,537,2.4763478872216884e-05
model2,538,2.4598999356873568e-05
model2,539,2.4573181123511727e-05
model2,540,2.4525335978450634e-05
model2,541,2.4466818065662865e-05
model2,542,2.4425744583655407e-05
model2,543,2.424733248204324e-05
model2,544,2.4174419193861442e-05
model2,545,2.4133704957933792e-05
model2,546,2.4090941252794085e-05
model2,547,2.4014067027324972e-05
model2,548,2.387973507593167e-05
model2,549,2.383091438857297e-05
model2,550,2.379851712643146e-05
model2,551,2.370006414117779e-05
model2,552,2.362421669731951e-05
model2,553,2.3597125934050532e-05
model2,554,2.3460438406849014e-05
model2,555,2.3368626631736667e-05
model2,556,2.328059634449729e-05
model2,557,2.32078294083701e-05
model2,558,2.3130318477475732e-05
model2,559,2.3076375993848084e-05
model2,560,2.294893002900281e-05
model2,561,2.2840096515996236e-05
model2,562,2.2778439392888367e-05
model2,563,2.2754108984019616e-05
model2,564,2.2733496947554343e-05
model2,565,2.2663198112375385e-05
model2,566,2.2644886127417857e-05
model2,567,2.2540832350046886e-05
model2,568,2.23888016570036e-05
model2,569,2.2303964845474058e-05
model2,570,2.2283280178312845e-05
model2,571,2.219087812531605e-05
model2,572,2.21692625642802e-05
model2,573,2.215922843634464e-05
model2,574,2.2065096774935775e-05
model2,575,2.1951761618870286e-05
model2,576,2.1928600341365362e-05
model2,577,2.1852467450829472e-05
model2,578,2.181581643174481e-05
model2,579,2.1671848638315534e-05
model2,580,2.1631130032864667e-05
model2,581,2.153865123380786e-05
model2,582,2.1413499597555207e-05
model2,583,2.13552669120012e-05
model2,584,2.1333058964686467e-05
model2,585,2.1291338890663297e-05
model2,586,2.1216807617617755e-05
model2,587,2.1118376512347087e-05
model2,588,2.1039971721783763e-05
model2,589,2.099459288177284e-05
model2,590,2.0934197217771146e-05
model2,591,2.0786767928952545e-05
model2,592,2.0732464208366737e-05
model2,593,2.0668526832457036e-05
model2,594,2.0657133095933487e-05
model2,595,2.0623045009999914e-05
model2,596,2.0513332833827365e-05
model2,597,2.0412424920021397e-05
model2,598,2.0396724334442834e-05
model2,599,2.02812664434555e-05
model2,600,2.025706656016331e-05
model2,601,2.023084750434526e-05
model2,602,2.014713292279637e-05
model2,603,2.0104792383507454e-05
model2,604,2.005439706973048e-05
model2,605,1.9927127793696246e-05
model2,606,1.9880070924340588e-05
model2,607,1.9819186412076528e-05
model2,608,1.9772205175837027e-05
model2,609,1.974975063153084e-05
model2,610,1.9690471293106994e-05
model2,611,1.9581191963994194e-05
model2,612,1.9533676261842157e-05
model2,613,1.9488391169841012e-05
model2,614,1.9429421194023706e-05
model2,615,1.9327555383606962e-05
model2,616,1.925858295687621e-05
model2,617,1.9194435742749276e-05
model2,618,1.912908635116885e-05
model2,619,1.9077604994786995e-05
model2,620,1.8965759208284075e-05
model2,621,1.8957520712699204e-05
model2,622,1.8931321145780713e-05
model2,623,1.887606883677493e-05
model2,624,1.8825419296397163e-05
model2,625,1.8721813235442033e-05
model2,626,1.8638510009422878e-05
model2,627,1.860638612286168e-05
model2,628,1.857847849483818e-05
model2,629,1.853782708468001e-05
model2,630,1.8465070273961753e-05
model2,631,1.8430152284252928e-05
model2,632,1.8370533459767553e-05
model2,633,1.829788066012738e-05
model2,634,1.8179823641311712e-05
model2,635,1.8094212229457383e-05
model2,636,1.8067373819435925e-05
model2,637,1.8012567716510964e-05
model2,638,1.7979527425352855e-05
model2,639,1.7944471114576444e-05
model2,640,1.7846040642184677e-05
model2,641,1.7797422522384775e-05
model2,642,1.7724206132829103e-05
model2,643,1.7674943169904357e-05
model2,644,1.7601687863444162e-05
model2,645,1.7545150118449327e-05
model2,646,1.7500021449363226e-05
model2,647,1.7458433123594225e-05
model2,648,1.7424383213821205e-05
model2,649,1.7366893666950777e-05
model2,650,1.7235599179145e-05
model2,651,1.720480245526336e-05
model2,652,1.7165947637207785e-05
model2,653,1.7092304689266572e-05
model2,654,1.7040046268223275e-05
model2,655,1.699936149565778e-05
model2,656,1.692373852306755e-05
model2,657,1.6896872432562607e-05
model2,658,1.6865053451995907e-05
model2,659,1.6774164834411842e-05
model2,660,1.674582971546966e-05
model2,661,1.6676056190922426e-05
model2,662,1.6608181183840223e-05
model2,663,1.6579092545031675e-05
model2,664,1.650438792884836e-05
model2,665,1.6475477186568648e-05
model2,666,1.639692423916339e-05
model2,667,1.6317684055901875e-05
model2,668,1.6275984536604955e-05
model2,669,1.616822588420318e-05
model2,670,1.6109080354032972e-05
model2,671,1.6018382003734056e-05
model2,672,1.5978533669844073e-05
model2,673,1.5918967428680265e-05
model2,674,1.589680104065196e-05
model2,675,1.5799349097567696e-05
model2,676,1.5764313609942675e-05
model2,677,1.5744236099771404e-05
model2,678,1.562837618311002e-05
model2,679,1.5604704603815145e-05
model2,680,1.5563211924368933e-05
model2,681,1.552937727443473e-05
model2,682,1.5466168102005847e-05
model2,683,1.536366354288498e-05
model2,684,1.5277797040392064e-05
model2,685,1.5243130414219234e-05
model2,686,1.5197998873711951e-05
model2,687,1.5147011048802682e-05
model2,688,1.5083729292387017e-05
model2,689,1.5006390922564122e-05
model2,690,1.497933861174229e-05
model2,691,1.495764927870906e-05
model2,692,1.4894763003107085e-05
model2,693,1.486769058360122e-05
model2,694,1.4822968519437672e-05
model2,695,1.4764299004491207e-05
model2,696,1.4737878008843188e-05
model2,697,1.4695704364973317e-05
model2,698,1.4636264432749706e-05
model2,699,1.455335148907201e-05
model2,700,1.4507784931489427e-05
model2,701,1.447839705118563e-05
model2,702,1.4422526166129721e-05
model2,703,1.4303862749722729e-05
model2,704,1.4283844409462407e-05
model2,705,1.4232731445933488e-05
model2,706,1.4204790607468583e-05
model2,707,1.410927848883334e-05
model2,708,1.4050888567187475e-05
model2,709,1.4017813396336347e-05
model2,710,1.4003476615954577e-05
model2,711,1.3941511261934605e-05
model2,712,1.3843791118699634e-05
model2,713,1.3796338150111858e-05
model2,714,1.3719058953165604e-05
model2,715,1.3710449310117159e-05
model2,716,1.3616887314647369e-05
model2,717,1.3584771648792733e-05
model2,718,1.3538304166309805e-05
model2,719,1.3512234809816854e-05
model2,720,1.3419775118165356e-05
model2,721,1.3358371690196469e-05
model2,722,1.3299212854032224e-05
model2,723,1.3259727466933965e-05
model2,724,1.322625827221787e-05
model2,725,1.3127184384978126e-05
model2,726,1.3117212987016021e-05
model2,727,1.3056958901196336e-05
model2,728,1.3025435453779614e-05
model2,729,1.2920683972289454e-05
model2,730,1.2885824317550648e-05
model2,731,1.2840447190842495e-05
model2,732,1.2736623424250301e-05
model2,733,1.269073262643958e-05
model2,734,1.2639971405751235e-05
model2,735,1.2614224409802415e-05
model2,736,1.2565401156646156e-05
model2,737,1.249656550880312e-05
model2,738,1.2477759843814434e-05
model2,739,1.2455256104497332e-05
model2,740,1.233579379887089e-05
model2,741,1.2256901517748781e-05
model2,742,1.2214826128872426e-05
model2,743,1.2157051186066713e-05
model2,744,1.2081597749833767e-05
model2,745,1.1992168085494941e-05
model2,746,1.191523517670027e-05
model2,747,1.1882566366861137e-05
model2,748,1.1841784297047406e-05
model2,749,1.180640089850855e-05
model2,750,1.1784859701780702e-05
model2,751,1.1721701206822004e-05
model2,752,1.1614098451121303e-05
model2,753,1.1599357440363002e-05
model2,754,1.154485406434202e-05
model2,755,1.1486125699557715e-05
model2,756,1.1466775703073184e-05
model2,757,1.1346343042025329e-05
model2,758,1.1311331848340838e-05
model2,759,1.124919054559351e-05
model2,760,1.1140322828898969e-05
model2,761,1.1115852669021098e-05
model2,762,1.0945862927361375e-05
model2,763,1.0918107988853829e-05
model2,764,1.0869418651416028e-05
model2,765,1.0675726821643288e-05
model2,766,1.060027566899113e-05
model2,767,1.049365162411711e-05
model2,768,1.0335889909521206e-05
generalized,1,5855.297080067295
generalized,2,2122.5313106042204
generalized,3,693.437704044838
generalized,4,356.29055133193447
generalized,5,338.4518474669932
generalized,6,227.90099465432223
generalized,7,169.37053722824896
generalized,8,158.89099342067865
generalized,9,124.55836026682259
generalized,10,116.63382431510514
generalized,11,85.12341972298971
generalized,12,74.72072372983024
generalized,13,68.09050773844706
generalized,14,62.75959331695745
generalized,15,56.619461196731415
generalized,16,52.99540496288452
generalized,17,50.75179457481278
generalized,18,48.35866311304753
generalized,19,44.37630651940065
generalized,20,42.98198535930614
generalized,21,40.62712245138212
generalized,22,38.59510133824723
generalized,23,35.228282416124415
generalized,24,34.308288333115
generalized,25,31.7558970898566
generalized,26,30.71944713000508
generalized,27,29.775210530244514
generalized,28,27.33943347670667
generalized,29,26.178742148302405
generalized,30,24.910736453930863
generalized,31,23.5080151082992
generalized,32,22.906526510469032
generalized,33,22.563730976504917
generalized,34,22.052462462749233
generalized,35,21.259658592082864
generalized,36,20.112901242381227
generalized,37,19.68323707942712
generalized,38,18.91903436031091
generalized,39,18.583791610978295
generalized,40,17.796817277735293
generalized,41,17.29117559276839
generalized,42,16.521415466615757
generalized,43,16.341110663232282
generalized,44,15.327632862154477
generalized,45,15.023675461305011
generalized,46,14.218333529914354
generalized,47,13.97980557772825
generalized,48,13.436894505128203
generalized,49,13.116349765385547
generalized,50,12.93917248028576
generalized,51,12.349161767529427
generalized,52,12.08045531975086
generalized,53,11.906781725983048
generalized,54,11.568329688507085
generalized,55,11.096790985617664
generalized,56,11.02989804212218
generalized,57,10.713127572863213
generalized,58,10.532358815407495
generalized,59,10.291069185917737
generalized,60,10.200577988740767
generalized,61,9.76915519404566
generalized,62,9.584247116152477
generalized,63,9.283342268862693
generalized,64,9.153901711432246
generalized,65,8.852406810481568
generalized,66,8.734810474343274
generalized,67,8.621443760914618
generalized,68,7.827930774188217
generalized,69,7.748654050771541
generalized,70,7.4808579001178215
generalized,71,7.463685085009647
generalized,72,7.27840994709059
generalized,73,7.150337670992346
generalized,74,7.05272380502185
generalized,75,6.764166991337546
generalized,76,6.5467759628152
generalized,77,6.51465164129966
generalized,78,6.158443550600699
generalized,79,6.093390173704778
generalized,80,6.000990011533047
generalized,81,5.912693731256286
generalized,82,5.901401872669282
generalized,83,5.7936802922704755
generalized,84,5.751513959363834
generalized,85,5.707572453368136
generalized,86,5.495417008270757
generalized,87,5.386621496365815
generalized,88,5.213369653128949
generalized,89,5.136567395021452
generalized,90,5.047090959778578
generalized,91,4.937420110799729
generalized,92,4.78238272313836
generalized,93,4.768307361352507
generalized,94,4.6402704332500875
generalized,95,4.498809044477735
generalized,96,4.464997333551251
generalized,97,4.357901893149438
generalized,98,4.274146250813943
generalized,99,4.249947822277793
generalized,100,4.159562648623854
generalized,101,4.07485542377094
generalized,102,4.00689310923356
generalized,103,3.928696540165065
generalized,104,3.909091545235926
generalized,105,3.7583923352555377
generalized,106,3.738799921139529
generalized,107,3.6882925537772326
generalized,108,3.60125210939781
generalized,109,3.5076370915618247
generalized,110,3.415548322744717
generalized,111,3.3818254677088295
generalized,112,3.3340203240847437
generalized,113,3.2373616877814078
generalized,114,3.2131853567524975
generalized,115,3.1889167766484814
generalized,116,3.0987360305511995
generalized,117,3.0513404136878366
generalized,118,3.0237852115356487
generalized,119,2.963540293563526
generalized,120,2.9205397151532115
generalized,121,2.8774441685355865
generalized,122,2.8461909323023264
generalized,123,2.7941304042231865
generalized,124,2.710425122910438
generalized,125,2.670662527800776
generalized,126,2.596601352398834
generalized,127,2.525296145185386
generalized,128,2.471801030682724
generalized,129,2.4333071036084983
generalized,130,2.3881493423207183
generalized,131,2.354154599597972
generalized,132,2.3249060524190477
generalized,133,2.2912258881843526
generalized,134,2.2593281050049985
generalized,135,2.2215731392459004
generalized,136,2.1600035388507255
generalized,137,2.111403023300739
generalized,138,2.0779000769418765
generalized,139,2.0458059996157028
generalized,140,2.018480962670651
generalized,141,1.9936762956690661
generalized,142,1.969213433805686
generalized,143,1.945620239011121
generalized,144,1.934165647515548
generalized,145,1.8717773542952452
generalized,146,1.8555818819307786
generalized,147,1.8372859488405298
generalized,148,1.7850344950727342
generalized,149,1.7457068231972677
generalized,150,1.732474392277672
generalized,151,1.7167452086342898
generalized,152,1.685702096440003
generalized,153,1.6755083186039479
generalized,154,1.6437343628423313
generalized,155,1.6360464757822306
generalized,156,1.6063977477753475
generalized,157,1.5610669292130814
generalized,158,1.526563475845933
generalized,159,1.5050320931515075
generalized,160,1.4453608864260867
generalized,161,1.431344765791589
generalized,162,1.4254540057970548
generalized,163,1.366323192110385
generalized,164,1.36212397787219
generalized,165,1.3010774134256533
generalized,166,1.2914588333516621
generalized,167,1.2603264680248134
generalized,168,1.250409598182695
generalized,169,1.23829009724436
generalized,170,1.2265840617789272
generalized,171,1.1565294769222676
generalized,172,1.1446420638423704
generalized,173,1.134731096546704
generalized,174,1.121946967903396
generalized,175,1.095096685728001
generalized,176,1.0859865918545928
generalized,177,1.064799909777747
generalized,178,1.044404973737798
generalized,179,1.0281162862522264
generalized,180,1.0039317724776622
generalized,181,0.9744465165825408
generalized,182,0.9686476983980189
generalized,183,0.9551777682967904
generalized,184,0.9515484345104265
generalized,185,0.9191275726496564
generalized,186,0.9097187790565663
generalized,187,0.8991100177905893
generalized,188,0.8643914658245392
generalized,189,0.8555894803599394
generalized,190,0.8476574217421046
generalized,191,0.8224150005620479
generalized,192,0.8185334708703316
generalized,193,0.7977044575482376
generalized,194,0.7629089833668047
generalized,195,0.7525768605131266
generalized,196,0.7397406833106921
generalized,197,0.730460559055795
generalized,198,0.7266780539354233
generalized,199,0.7105430085399744
generalized,200,0.690048417679365
generalized,201,0.6769565392998053
generalized,202,0.6679891706441957
generalized,203,0.6633298942261775
generalized,204,0.6557208296508239
generalized,205,0.6375720714728947
generalized,206,0.6236090701752985
generalized,207,0.6124492504755715
generalized,208,0.5976135274297263
generalized,209,0.5952983216495819
generalized,210,0.5825992277115571
generalized,211,0.5733704737847551
generalized,212,0.557223577681977
generalized,213,0.5443230508510408
generalized,214,0.5407878164661968
generalized,215,0.5312342066723935
generalized,216,0.5156820905021806
generalized,217,0.5138184103226234
generalized,218,0.5080117437890076
generalized,219,0.4837996053602417
generalized,220,0.4800202068736073
generalized,221,0.4709090340708315
generalized,222,0.4644991361360025
generalized,223,0.46161705871240705
generalized,224,0.45120472521764415
generalized,225,0.4263160059542056
generalized,226,0.42439840404738494
generalized,227,0.4207159800657522
generalized,228,0.40785860431343
generalized,229,0.39733470493875805
generalized,230,0.3913285701091974
generalized,231,0.38482069402523844
generalized,232,0.3729486153933194
generalized,233,0.3640725423450641
generalized,234,0.35771635461508394
generalized,235,0.352268024701197
generalized,236,0.3481199388630266
generalized,237,0.344268899061915
generalized,238,0.3335943193520818
generalized,239,0.330463404827739
generalized,240,0.3236762305008643
generalized,241,0.31666587283637027
generalized,242,0.31434574968635487
generalized,243,0.3080975134497063
generalized,244,0.3027233271304528
generalized,245,0.29872375751458063
generalized,246,0.2947145595455381
generalized,247,0.28363736961290725
generalized,248,0.27298066433695023
generalized,249,0.27207439190139554
generalized,250,0.26311113580881534
generalized,251,0.26228280195437037
generalized,252,0.25550921414861244
generalized,253,0.25266467102932555
generalized,254,0.24933719686146075
generalized,255,0.24205490467645957
generalized,256,0.2357954678523655
generalized,257,0.2327899596243646
generalized,258,0.2262065288200054
generalized,259,0.2227470769012349
generalized,260,0.21931459721786034
generalized,261,0.21554346675218541
generalized,262,0.21229026720741273
generalized,263,0.2103284447808572
generalized,264,0.2052491938256136
generalized,265,0.1965204949794676
generalized,266,0.19387295107335534
generalized,267,0.18807442550130518
generalized,268,0.18599502188901812
generalized,269,0.18331147622197683
generalized,270,0.1792950239820701
generalized,271,0.17409573001865356
generalized,272,0.17177544958897967
generalized,273,0.17010017738240057
generalized,274,0.16379364777613178
generalized,275,0.16183859687213664
generalized,276,0.1567298841120106
generalized,277,0.15302883049434987
generalized,278,0.15240663089983852
generalized,279,0.14658105345552136
generalized,280,0.14394500282132056
generalized,281,0.1415680821597568
generalized,282,0.13879073228504496
generalized,283,0.13715260267840487
generalized,284,0.13405893403676114
generalized,285,0.13122204073678195
generalized,286,0.12975863169411528
generalized,287,0.12620268385018601
generalized,288,0.1236691101284537
generalized,289,0.12238684185800774
generalized,290,0.11432612644208291
generalized,291,0.11322720724573106
generalized,292,0.11192797082446847
generalized,293,0.11064341507426599
generalized,294,0.10975018485767817
generalized,295,0.10694000578024257
generalized,296,0.10421823064622654
generalized,297,0.10142296514643297
generalized,298,0.10027089932769824
generalized,299,0.09903269323316748
generalized,300,0.0985331187057887
generalized,301,0.09535443621161391
generalized,302,0.09168378922147848
generalized,303,0.09028555582045114
generalized,304,0.0891600606266728
generalized,305,0.08785188745715268
generalized,306,0.08557434186941089
generalized,307,0.08394486034397292
generalized,308,0.08191989858447792
generalized,309,0.08075768638374792
generalized,310,0.07895104406744058
generalized,311,0.07687894914457144
generalized,312,0.07630413155499677
generalized,313,0.07506767927026299
generalized,314,0.07276850154626861
generalized,315,0.07141298769651808
generalized,316,0.07041587578690242
generalized,317,0.06897150071434126
generalized,318,0.06833202415882988
generalized,319,0.06664213079061751
generalized,320,0.06586494143472903
generalized,321,0.06266487192454194
generalized,322,0.06150808046864458
generalized,323,0.06011033160640099
generalized,324,0.05951844531688084
generalized,325,0.05802531817910948
generalized,326,0.05707993717995924
generalized,327,0.05602214700537478
generalized,328,0.055491815739368136
generalized,329,0.053422516482228344
generalized,330,0.052095759860412004
generalized,331,0.05068718942460711
generalized,332,0.050400906813357724
generalized,333,0.04945916976290096
generalized,334,0.047601641335759365
generalized,335,0.0466737683712539
generalized,336,0.0453591500289823
generalized,337,0.0446188452869361
generalized,338,0.04367505278700253
generalized,339,0.043450070430673886
generalized,340,0.0420200334645274
generalized,341,0.041774755885956735
generalized,342,0.041156876995743386
generalized,343,0.039569784419152335
generalized,344,0.03852550241529466
generalized,345,0.0375807846252155
generalized,346,0.03718841217125089
generalized,347,0.036482765621667114
generalized,348,0.03572449655811721
generalized,349,0.03543953931490975
generalized,350,0.034497644842662316
generalized,351,0.03309204563398445
generalized,352,0.03224864685975861
generalized,353,0.03185883324744593
generalized,354,0.03144808485490138
generalized,355,0.03110210412204094
generalized,356,0.0302343492183715
generalized,357,0.029525795690386
generalized,358,0.02885864777735691
generalized,359,0.02855885708095197
generalized,360,0.028161964805356703
generalized,361,0.027666707457409373
generalized,362,0.02720017273669899
generalized,363,0.02677542350588601
generalized,364,0.02579632491101586
generalized,365,0.02530251770655628
generalized,366,0.02485316145449851
generalized,367,0.024488804238006163
generalized,368,0.023684518065543638
generalized,369,0.023454171229404273
generalized,370,0.022988026895164698
generalized,371,0.0222642366326593
generalized,372,0.02177888529985535
generalized,373,0.021265112686263955
generalized,374,0.020879378917323214
generalized,375,0.020392618653619285
generalized,376,0.019853687252284095
generalized,377,0.01955861346275722
generalized,378,0.019187124171122845
generalized,379,0.01887710606985554
generalized,380,0.01868441888474278
generalized,381,0.01820169224383747
generalized,382,0.01803436884769669
generalized,383,0.01772744893997659
generalized,384,0.0174058271004354
generalized,385,0.01683374098239146
generalized,386,0.016788199622192978
generalized,387,0.01668998634270217
generalized,388,0.01627539416653324
generalized,389,0.01623197039505167
generalized,390,0.01569683647216692
generalized,391,0.015601033522902432
generalized,392,0.015327587482314225
generalized,393,0.01517965566098039
generalized,394,0.014501340662598066
generalized,395,0.014243597575919175
generalized,396,0.013913958157524713
generalized,397,0.01382312714485771
generalized,398,0.01369458364637433
generalized,399,0.013284008635198413
generalized,400,0.01318912056313788
generalized,401,0.012840897256551494
generalized,402,0.012555897325398356
generalized,403,0.012330507431116609
generalized,404,0.01227553914524844
generalized,405,0.01213509175537466
generalized,406,0.012036881602665186
generalized,407,0.011827995609822556
generalized,408,0.011687788120811976
generalized,409,0.011466450639005508
generalized,410,0.011157958769653966
generalized,411,0.010872633302233214
generalized,412,0.01082003273264216
generalized,413,0.010647703644992092
generalized,414,0.010311590081600278
generalized,415,0.010258782505839163
generalized,416,0.010026144470242054
generalized,417,0.009915866083374813
generalized,418,0.009870687556303737
generalized,419,0.009672828276988071
generalized,420,0.009455625469970811
generalized,421,0.009249400561230879
generalized,422,0.009193172489529887
generalized,423,0.009030365167507477
generalized,424,0.00883205795784971
generalized,425,0.008792541753186178
generalized,426,0.008734054727330888
generalized,427,0.008404458437479924
generalized,428,0.008245484720762692
generalized,429,0.008095205095268312
generalized,430,0.00791138321493976
generalized,431,0.007808486847201626
generalized,432,0.00770717959711043
generalized,433,0.0076430659351119845
generalized,434,0.00759088681687823
generalized,435,0.007401720065560987
generalized,436,0.0072901963184063895
generalized,437,0.007178093263681536
generalized,438,0.007074878634020463
generalized,439,0.00692328715375859
generalized,440,0.006852131418399321
generalized,441,0.006786040189426222
generalized,442,0.0066851488079819835
generalized,443,0.006590440679365729
generalized,444,0.006500394163790289
generalized,445,0.00635700973192465
generalized,446,0.006308199356340719
generalized,447,0.006238280275160348
generalized,448,0.006113487363555819
generalized,449,0.006002732855477793
generalized,450,0.005888153672524728
generalized,451,0.005805869670207168
generalized,452,0.005686190667869561
generalized,453,0.00562159579376467
generalized,454,0.005557919974022181
generalized,455,0.005437826647073343
generalized,456,0.005417491874173565
generalized,457,0.005361267731547501
generalized,458,0.005192908062312224
generalized,459,0.0051250266081137846
generalized,460,0.005040338680570349
generalized,461,0.005038000636628375
generalized,462,0.004960087768621611
generalized,463,0.004908404558805407
generalized,464,0.00479111409656639
generalized,465,0.004755179757006516
generalized,466,0.004733969761290805
generalized,467,0.004607248800021963
generalized,468,0.004519474720119126
generalized,469,0.00446482861226278
generalized,470,0.004424669042811284
generalized,471,0.004352084140545892
generalized,472,0.0041774869820085485
generalized,473,0.004161135971230579
generalized,474,0.004143391657513017
generalized,475,0.004020109345834804
generalized,476,0.00395812784935699
generalized,477,0.003891228246117621
generalized,478,0.0038396790114178254
generalized,479,0.0038176141776926314
generalized,480,0.003748908213295775
generalized,481,0.0036364432941644316
generalized,482,0.0035858890117459034
generalized,483,0.003564127211463637
generalized,484,0.003529601074068413
generalized,485,0.0034546824298607452
generalized,486,0.003416095963073405
generalized,487,0.0033811076036794788
generalized,488,0.0032966254642919925
generalized,489,0.0032507724163632944
generalized,490,0.0032288175141989882
generalized,491,0.0031498809369711308
generalized,492,0.0030774335020860143
generalized,493,0.003073954276913911
generalized,494,0.0030515226450074113
generalized,495,0.0030237517470953533
generalized,496,0.002902625410440616
generalized,497,0.0028714521847888067
generalized,498,0.0028598264243911648
generalized,499,0.0027765118295078515
generalized,500,0.00272776766559434
generalized,501,0.002707781030813197
generalized,502,0.002667354252181342
generalized,503,0.002637617496415565
generalized,504,0.0026265461676764916
generalized,505,0.002598819178758052
generalized,506,0.0025545460979071546
generalized,507,0.0025183084899052795
generalized,508,0.0024631522902972855
generalized,509,0.0024178601803598555
generalized,510,0.002371031414605662
generalized,511,0.002321015234188701
generalized,512,0.0022847378465249367
generalized,513,0.002256670394842495
generalized,514,0.00224188931203118
generalized,515,0.002216061725148903
generalized,516,0.0021792624801618794
generalized,517,0.0021555116874622557
generalized,518,0.0021004789742835516
generalized,519,0.002085591789329023
generalized,520,0.002074794949018513
generalized,521,0.002034566537073734
generalized,522,0.001971738274072471
generalized,523,0.0019507906449712162
generalized,524,0.0019374195604564073
generalized,525,0.0019040905274287493
generalized,526,0.0018691209100989063
generalized,527,0.0018388879503753142
generalized,528,0.0018250621664964337
generalized,529,0.0017861882308444555
generalized,530,0.0017555755410095615
generalized,531,0.0017379793272882178
generalized,532,0.0017254052733720008
generalized,533,0.001695289905046606
generalized,534,0.0016699959042466585
generalized,535,0.0016508177427447474
generalized,536,0.0016315866223245593
generalized,537,0.0016121576705377257
generalized,538,0.001582741353876258
generalized,539,0.0015461109612848539
generalized,540,0.0015375962230445084
generalized,541,0.0014768958301413903
generalized,542,0.00144921026381178
generalized,543,0.0014355935172755956
generalized,544,0.0014190803834356954
generalized,545,0.0014071253647015844
generalized,546,0.0013564991550594086
generalized,547,0.001354745048699041
generalized,548,0.0013302648295615022
generalized,549,0.0013154723482949196
generalized,550,0.0013000946017557432
generalized,551,0.0012837466855724609
generalized,552,0.001255600020360254
generalized,553,0.0012340968204875074
generalized,554,0.0011964430708242748
generalized,555,0.0011944568137333784
generalized,556,0.001176733218896446
generalized,557,0.0011628345090720336
generalized,558,0.0011338092595635533
generalized,559,0.0011204275659171662
generalized,560,0.0010916170147084864
generalized,561,0.0010739508922725433
generalized,562,0.0010621645763507744
generalized,563,0.0010447659910460874
generalized,564,0.0010354751661893664
generalized,565,0.0010093444255671858
generalized,566,0.0009938713358980176
generalized,567,0.0009739608047300954
generalized,568,0.0009643918549843603
generalized,569,0.0009445590576676748
generalized,570,0.0009123739810706891
generalized,571,0.0009021823890729774
generalized,572,0.0008873277140494951
generalized,573,0.0008788160286811119
generalized,574,0.0008666036616929544
generalized,575,0.0008554646437654582
generalized,576,0.0008325661744714434
generalized,577,0.0008134803851868787
generalized,578,0.0008080701595608011
generalized,579,0.0007913103185964129
generalized,580,0.0007773788485209853
generalized,581,0.000769267273039232
generalized,582,0.0007537484543536569
generalized,583,0.0007488564789654396
generalized,584,0.0007359541785556757
generalized,585,0.0007191896628413252
generalized,586,0.0007016207888486866
generalized,587,0.0006877701205891389
generalized,588,0.0006796099135321065
generalized,589,0.0006675251827129606
generalized,590,0.0006586361367150094
generalized,591,0.0006477848832387069
generalized,592,0.0006320794479648367
generalized,593,0.0006218478454430639
generalized,594,0.0006163689922758804
generalized,595,0.000600158004883227
generalized,596,0.000591258400130264
generalized,597,0.0005894016318424215
generalized,598,0.0005733093869716053
generalized,599,0.0005720567863988621
generalized,600,0.0005557461582359118
generalized,601,0.0005448599197221424
generalized,602,0.0005377775818221547
generalized,603,0.0005293289767919861
generalized,604,0.0005255539812126337
generalized,605,0.0005184060759020349
generalized,606,0.0005113645436901412
generalized,607,0.0005058243277978407
generalized,608,0.0004947011021261955
generalized,609,0.0004890685627811878
generalized,610,0.0004744062285002585
generalized,611,0.00045423713233343026
generalized,612,0.0004467935679415312
generalized,613,0.0004432387940965908
generalized,614,0.0004397651479133376
generalized,615,0.0004307397760975785
generalized,616,0.00042483459240130874
generalized,617,0.0004160320559813291
generalized,618,0.00040627652501024975
generalized,619,0.0004007096616484645
generalized,620,0.00039490160510351245
generalized,621,0.00038819832793020976
generalized,622,0.0003780102498686779
generalized,623,0.00037068003518910995
generalized,624,0.0003647407240372155
generalized,625,0.00035801267065778186
generalized,626,0.0003537483841893401
generalized,627,0.0003439435125679662
generalized,628,0.0003431676631876352
generalized,629,0.00033114528846248526
generalized,630,0.00032045185988976527
generalized,631,0.0003138337801704718
generalized,632,0.0003112641565390676
generalized,633,0.00030254880987073865
generalized,634,0.0002986156019090921
generalized,635,0.00029645167249575064
generalized,636,0.0002874318411682247
generalized,637,0.0002847514828022872
generalized,638,0.000279341081301802
generalized,639,0.00027482239735459354
generalized,640,0.0002658358797096466
generalized,641,0.00026359304601994535
generalized,642,0.0002497507355581866
generalized,643,0.00024701363970231486
generalized,644,0.00024300992713330953
generalized,645,0.00023469022219049212
generalized,646,0.00023287348269462494
generalized,647,0.0002293033703112294
generalized,648,0.0002237480225286937
generalized,649,0.0002174344879645472
generalized,650,0.00021389826629441143
generalized,651,0.00020895063934346924
generalized,652,0.00019892578023007794
generalized,653,0.0001959064049475688
generalized,654,0.00018736521280780143
generalized,655,0.0001848705367062339
generalized,656,0.000179484909770505
generalized,657,0.00017334202827421247
generalized,658,0.00017201644216092746
generalized,659,0.0001675812022608666
generalized,660,0.00016196866417417043
generalized,661,0.00015810303774460788
generalized,662,0.00015597203495315812
generalized,663,0.00014667121436558276
generalized,664,0.00014485652369691823
generalized,665,0.0001416010592681306
generalized,666,0.00013782969441034987
generalized,667,0.00013581575247698316
generalized,668,0.00013368179009361477
generalized,669,0.00012504711391522267
generalized,670,0.00012220211159059887
generalized,671,0.00011935955152037617
generalized,672,0.00011765337119070711
generalized,673,0.00011533366422896822
generalized,674,0.00011271621154119858
generalized,675,0.00011126019116117062
generalized,676,0.00010512142088640419
generalized,677,0.00010469097130692765
generalized,678,9.722772916649846e-05
generalized,679,9.602749584787759e-05
generalized,680,9.430574975361759e-05
generalized,681,9.218275636489325e-05
generalized,682,8.683327421388708e-05
generalized,683,8.192317300624317e-05
generalized,684,7.913520430825607e-05
generalized,685,7.791590142615299e-05
generalized,686,7.666656104566477e-05
generalized,687,7.255547291434085e-05
generalized,688,7.118971462627649e-05
generalized,689,7.013414199333922e-05
generalized,690,6.835978029450433e-05
generalized,691,6.59254436661306e-05
generalized,692,6.434906408256222e-05
generalized,693,6.26335668068801e-05
generalized,694,5.8559170492623064e-05
generalized,695,5.6679433811062475e-05
generalized,696,5.639782061182226e-05
generalized,697,5.464962348399065e-05
generalized,698,5.3069554270249296e-05
generalized,699,4.879141953324411e-05
generalized,700,4.863484112275789e-05
generalized,701,4.744582076549799e-05
generalized,702,4.4443158885794164e-05
generalized,703,4.351649809565383e-05
generalized,704,4.203705908128446e-05
generalized,705,4.013794803210989e-05
generalized,706,3.852295470967005e-05
generalized,707,3.787795690072574e-05
generalized,708,3.557788969633444e-05
generalized,709,3.516188616063019e-05
generalized,710,3.262358005611026e-05
generalized,711,3.172639839079581e-05
generalized,712,3.0155862209455784e-05
generalized,713,2.9284758301958335e-05
generalized,714,2.71408587339862e-05
generalized,715,2.517397962878013e-05
generalized,716,2.4813035234957382e-05
generalized,717,2.366917812560385e-05
generalized,718,2.2689979816894865e-05
generalized,719,2.161592471821734e-05
generalized,720,2.0440514959501352e-05
generalized,721,1.9644138137387847e-05
generalized,722,1.896097603935436e-05
generalized,723,1.8373917640728193e-05
generalized,724,1.7887079715428845e-05
generalized,725,1.630904571272426e-05
generalized,726,1.559834716223854e-05
generalized,727,1.5175781733223995e-05
generalized,728,1.3991211860378777e-05
generalized,729,1.3405371078705254e-05
generalized,730,1.2923539098724096e-05
generalized,731,1.2419516237561324e-05
generalized,732,1.0915163641927011e-05
generalized,733,1.0271560285133195e-05
generalized,734,9.79044427009731e-06
generalized,735,9.083895223348804e-06
generalized,736,8.910800697387104e-06
generalized,737,7.855837954702703e-06
generalized,738,7.374687429885876e-06
generalized,739,6.8661757249141536e-06
generalized,740,6.262151215877599e-06
generalized,741,6.198406750902003e-06
generalized,742,5.676664927652486e-06
generalized,743,4.827024830243984e-06
generalized,744,4.179748921830852e-06
generalized,745,3.6422090451587104e-06
generalized,746,3.547546465152801e-06
generalized,747,3.3023248046757895e-06
generalized,748,2.9829002788688206e-06
generalized,749,2.6180502316591983e-06
generalized,750,2.066050858534826e-06
generalized,751,1.8700979763232673e-06
generalized,752,1.5931374031998814e-06
generalized,753,1.4521553802111676e-06
generalized,754,1.1357852605655695e-06
generalized,755,8.79988439040238e-07
generalized,756,8.026277965608282e-07
generalized,757,6.808850682254125e-07
generalized,758,5.323471115894693e-07
generalized,759,4.454941552840255e-07
generalized,760,4.003251567312207e-07
generalized,761,1.958723352500822e-07
generalized,762,1.501220104119058e-07
generalized,763,9.246803557779421e-08
generalized,764,6.076199752037079e-08
generalized,765,1.8638001398849853e-08
generalized,766,7.063663678574726e-09
generalized,767,6.527859873402976e-10
generalized,768,1.0546239151995063e-10
